id,parentId,epic,requirements,action,output,parentDependencies,decisionInputs,scenarioRefs,status,owner,effortEstimate,dueDate
BASE-01.01,BASE-01,BASE,4; 8; 9; 10; 15,가입·대여·주문·반납 여정을 행위자별로 연결,사용자/점주/운영자 여정표,,D01; D02,J19,planned,,,
BASE-01.02,BASE-01,BASE,4; 8; 9; 10; 15,15개 요구를 화면·서비스·기기 동작에 대응,요구사항 추적표,,D01; D02,J19,planned,,,
BASE-01.03,BASE-01,BASE,4; 8; 9; 10; 15,정상·거절·복구별 증거 위치 지정,수용 시나리오 목록,,D01; D02,J19,planned,,,
BASE-02.01,BASE-02,BASE,4; 8; 9; 10; 15,계정·주소·기기·매장 식별자와 관계 정의,엔터티 사전,BASE-01,D02; D08; D09,J19,planned,,,
BASE-02.02,BASE-02,BASE,4; 8; 9; 10; 15,주문·지급·환불·혜택 상태를 별도 정의,상태 전이표,BASE-01,D02; D08; D09,J19,planned,,,
BASE-02.03,BASE-02,BASE,4; 8; 9; 10; 15,금액·시각·이벤트 고유키·버전 규칙 정의,데이터 예제와 제약 조건,BASE-01,D02; D08; D09,J19,planned,,,
BASE-03.01,BASE-03,BASE,4; 8; 9; 10; 15,앱→서버와 앱→기기 메시지 봉투 정의,요청 ID/버전/만료/오류 스키마,BASE-02,D02; D03,J19,planned,,,
BASE-03.02,BASE-03,BASE,4; 8; 9; 10; 15,재연결·중복 요청·결과 조회 규칙 작성,왕복 메시지 예제,BASE-02,D02; D03,J19,planned,,,
BASE-03.03,BASE-03,BASE,4; 8; 9; 10; 15,로그 허용 필드와 비밀 필드 구분,로그/진단 데이터 규칙,BASE-02,D02; D03,J19,planned,,,
BASE-04.01,BASE-04,BASE,4; 8; 9; 10; 15,고정 커밋의 실제 API와 SDK 호출 비교,불일치 재현 목록,BASE-03,D10,J19,planned,,,
BASE-04.02,BASE-04,BASE,4; 8; 9; 10; 15,Indexer 어댑터·AA 해시/서명 버전 수정 위치 지정,파일별 변경 명세,BASE-03,D10,J19,planned,,,
BASE-04.03,BASE-04,BASE,4; 8; 9; 10; 15,mock·stub·미구현 경로를 수용 시험과 연결,대체/검증 추적표,BASE-03,D10,J19,planned,,,
BASE-05.01,BASE-05,BASE,4; 8; 9; 10; 15,DB·파일·작업 큐·설정의 보관 책임 구분,저장소 및 환경 구성표,BASE-02,D10; D19,J19,planned,,,
BASE-05.02,BASE-05,BASE,4; 8; 9; 10; 15,재시작·마이그레이션·백업 경로 구성,지속성 확인 절차,BASE-02,D10; D19,J19,planned,,,
BASE-05.03,BASE-05,BASE,4; 8; 9; 10; 15,개발/시연 자격 증명 주입과 접근 제한,비밀 없는 환경 예제,BASE-02,D10; D19,J19,planned,,,
AUTH-01.01,AUTH-01,AUTH,5; 6; 9; 10,계정·가게 소속·역할 데이터 모델 구현,마이그레이션과 조회 API,BASE-02; BASE-05,D02,J01; J04,planned,,,
AUTH-01.02,AUTH-01,AUTH,5; 6; 9; 10,자원마다 account/store 범위 검사,권한 미들웨어,BASE-02; BASE-05,D02,J01; J04,planned,,,
AUTH-01.03,AUTH-01,AUTH,5; 6; 9; 10,가입·초대·소속 해제 시 권한 변화 확인,계정/매장 격리 시나리오,BASE-02; BASE-05,D02,J01; J04,planned,,,
AUTH-02.01,AUTH-02,AUTH,5; 6; 9; 10,앱 로그인 시작·취소·콜백 처리,Google 앱 인증 모듈,AUTH-01; APP-01,D01,J01; J04,planned,,,
AUTH-02.02,AUTH-02,AUTH,5; 6; 9; 10,서버에서 제공자 증명을 검증하고 계정 연결,검증/세션 API,AUTH-01; APP-01,D01,J01; J04,planned,,,
AUTH-02.03,AUTH-02,AUTH,5; 6; 9; 10,만료·재로그인·중복 콜백 처리,실제 제공자 실행 기록,AUTH-01; APP-01,D01,J01; J04,planned,,,
AUTH-03.01,AUTH-03,AUTH,5; 6; 9; 10,대상 플랫폼별 Apple 시작·콜백 구성,Apple 앱 인증 모듈,AUTH-01; APP-01,D01,J01; J04,planned,,,
AUTH-03.02,AUTH-03,AUTH,5; 6; 9; 10,제공자 식별자로 계정 연결하고 최초 정보 처리,서버 검증/계정 모델,AUTH-01; APP-01,D01,J01; J04,planned,,,
AUTH-03.03,AUTH-03,AUTH,5; 6; 9; 10,재로그인·정보 미제공·취소 처리,실제 제공자 실행 기록,AUTH-01; APP-01,D01,J01; J04,planned,,,
AUTH-04.01,AUTH-04,AUTH,5; 6; 9; 10,기존 계정 인증 후 다른 로그인 수단 연결,계정 연결/충돌 화면,AUTH-02; AUTH-03,D03; D04; D19,J01; J04,planned,,,
AUTH-04.02,AUTH-04,AUTH,5; 6; 9; 10,로그아웃·세션 철회·연결 해제 구현,세션 수명주기 API,AUTH-02; AUTH-03,D03; D04; D19,J01; J04,planned,,,
AUTH-04.03,AUTH-04,AUTH,5; 6; 9; 10,탈퇴 전 자산·기기·기록 처리 경로 연결,탈퇴 안내 및 상태 명세,AUTH-02; AUTH-03,D03; D04; D19,J01; J04,planned,,,
APP-01.01,APP-01,APP,4; 7; 8,대상 빌드·앱 탐색·공통 오류 화면 구성,설치 앱 골격,BASE-01; BASE-05,D01,J01,planned,,,
APP-01.02,APP-01,APP,4; 7; 8,알림·BLE·마이크·위치 권한 안내 연결,권한 상태 관리,BASE-01; BASE-05,D01,J01,planned,,,
APP-01.03,APP-01,APP,4; 7; 8,앱 재시작·백그라운드 복귀 시 진행 작업 복원,복원 가능한 앱 상태,BASE-01; BASE-05,D01,J01,planned,,,
APP-02.01,APP-02,APP,4; 7; 8,지갑 종류·주소·체인을 구분하는 선택기 구현,지갑 선택 화면,APP-01; BASE-03; INDEX-02,D03,J01; J04,planned,,,
APP-02.02,APP-02,APP,4; 7; 8,개인/소속 매장 지갑의 네이티브·토큰 잔액과 조회 시각 표시,개인/점주 컨텍스트별 자산 목록·상세,APP-01; BASE-03; INDEX-02,D03,J01; J04,planned,,,
APP-02.03,APP-02,APP,4; 7; 8,지갑 변경 시 진행 거래와 서명 대상을 고정,거래 대상 혼동 방지 시나리오,APP-01; BASE-03; INDEX-02,D03,J01; J04,planned,,,
APP-03.01,APP-03,APP,4; 7; 8,금액 입력·소수점·최대 금액·가스 부족 처리,공통 거래 입력 컴포넌트,APP-02; PAY-01,D08,J01,planned,,,
APP-03.02,APP-03,APP,4; 7; 8,견적·수취인·체인·수수료 확인 화면 구현,서명 전 검토 화면,APP-02; PAY-01,D08,J01,planned,,,
APP-03.03,APP-03,APP,4; 7; 8,승인·제출 불명확·확정·실패 결과 연결,거래 상태 컴포넌트,APP-02; PAY-01,D08,J01,planned,,,
APP-04.01,APP-04,APP,4; 7; 8,주문/지급/환불을 묶은 내역 API 연결,개인 거래 목록,APP-01; PAY-04; SHOP-04,D08; D17,J01; J03; J05,planned,,,
APP-04.02,APP-04,APP,4; 7; 8,영수증·수수료·상태·탐색기 링크 표시,내역 상세 화면,APP-01; PAY-04; SHOP-04,D08; D17,J01; J03; J05,planned,,,
APP-04.03,APP-04,APP,4; 7; 8,진행 거래 갱신·필터·비소유자 차단 확인,이력 조회 시나리오,APP-01; PAY-04; SHOP-04,D08; D17,J01; J03; J05,planned,,,
HW-01.01,HW-01,HW,1; 4; 8,보드 SDK·핀맵·디스플레이/버튼/마이크 배선 확정,BOM/핀맵/빌드 설정,BASE-01,D05; D07,J02,planned,,,
HW-01.02,HW-01,HW,1; 4; 8,실기 부팅과 주변장치 진단 실행,보드 진단 펌웨어,BASE-01,D05; D07,J02,planned,,,
HW-01.03,HW-01,HW,1; 4; 8,기본/녹음/서명 시 메모리·전력 측정,자원 기준선,BASE-01,D05; D07,J02,planned,,,
HW-02.01,HW-02,HW,1; 4; 8,키 생성·저장·주소 도출 경계 구현,키 저장/지갑 모듈,HW-01,D03,J02,planned,,,
HW-02.02,HW-02,HW,1; 4; 8,잠금·잠금 해제·재부팅 후 접근 구현,접근 상태 머신,HW-01,D03,J02,planned,,,
HW-02.03,HW-02,HW,1; 4; 8,초기화 후 이전 키 접근 불가 검증,키 수명주기 시험 기록,HW-01,D03,J02,planned,,,
HW-03.01,HW-03,HW,1; 4; 8,기기 탐색·등록·소유 증명 흐름 구현,페어링 화면/등록 API,HW-01; BASE-03; APP-01,D02; D03,J02,planned,,,
HW-03.02,HW-03,HW,1; 4; 8,검증된 프로토콜로 인증·암호화·재전송 방지 연결,보호된 BLE 세션,HW-01; BASE-03; APP-01,D02; D03,J02,planned,,,
HW-03.03,HW-03,HW,1; 4; 8,해제·만료·재연결 시 권한 재검증,세션 전이와 실패 응답,HW-01; BASE-03; APP-01,D02; D03,J02,planned,,,
HW-03.04,HW-03,HW,1; 4; 8,소유 앱과 임시 키오스크 세션의 명령/권한 구분,설정·import·서명·조회 권한 표,HW-01; BASE-03; APP-01,D02; D03,J02,planned,,,
HW-03.05,HW-03,HW,1; 4; 8,가게·기기 확인 후 주문에 묶인 결제 세션 수립,임시 세션 만료/철회 상태표,HW-01; BASE-03; APP-01,D02; D03,J02,planned,,,
HW-04.01,HW-04,HW,1; 4; 8,신규/가져오기 선택·입력 검증·주소 확인 구현,온보딩 화면,HW-02; HW-03,D03,J02,planned,,,
HW-04.02,HW-04,HW,1; 4; 8,보호된 세션으로 import 전달 후 기기 내부 저장,import 명령과 결과,HW-02; HW-03,D03,J02,planned,,,
HW-04.03,HW-04,HW,1; 4; 8,중단·재시도·민감 입력 정리 검증,import 실패/완료 절차,HW-02; HW-03,D03,J02,planned,,,
HW-05.01,HW-05,HW,1; 4; 8,거래 파싱과 지원 호출의 표시 항목 구현,기기 승인 데이터 모델,HW-02; HW-03; PAY-01,D03; D08,J02; J03,planned,,,
HW-05.02,HW-05,HW,1; 4; 8,버튼 승인/거절과 요청 digest를 결합,실기 signer 모듈,HW-02; HW-03; PAY-01,D03; D08,J02; J03,planned,,,
HW-05.03,HW-05,HW,1; 4; 8,변조·다른 체인·미지원 호출을 검증,서명 일치/거절 시험,HW-02; HW-03; PAY-01,D03; D08,J02; J03,planned,,,
HW-06.01,HW-06,HW,1; 4; 8,외부 거리 모듈을 앱/키오스크 연결 경로에 통합,모듈 어댑터,HW-03; HW-05,D07; D08,J02; J03; J10,planned,,,
HW-06.02,HW-06,HW,1; 4; 8,측정 시각·대상·세션·신뢰 상태를 승인 요청과 연결,근접 증거 구조,HW-03; HW-05,D07; D08,J02; J03; J10,planned,,,
HW-06.03,HW-06,HW,1; 4; 8,이탈·측정 지연·서명 전후 단절 구분,거리 상태 전이 시나리오,HW-03; HW-05,D07; D08,J02; J03; J10,planned,,,
OTA-01.01,OTA-01,OTA,2; 8; 10,부트로더·이미지 슬롯·키 영역 배치 확인,플래시 배치도,HW-01,D05,J07,planned,,,
OTA-01.02,OTA-01,OTA,2; 8; 10,이미지 검증·부팅 확인·실패 복구 구현,업데이트 부트 경로,HW-01,D05,J07,planned,,,
OTA-01.03,OTA-01,OTA,2; 8; 10,전원 중단과 부팅 실패 시험,복구 증거,HW-01,D05,J07,planned,,,
OTA-02.01,OTA-02,OTA,2; 8; 10,모델·버전·길이·해시·호환 범위를 패키징,업데이트 manifest,OTA-01; RELEASE-01,D05,J07,planned,,,
OTA-02.02,OTA-02,OTA,2; 8; 10,릴리스 서명과 검증 키 관리 경로 연결,서명/검증 도구,OTA-01; RELEASE-01,D05,J07,planned,,,
OTA-02.03,OTA-02,OTA,2; 8; 10,잘못된 대상·손상·금지 버전 거절,패키지 검증 샘플,OTA-01; RELEASE-01,D05,J07,planned,,,
OTA-03.01,OTA-03,OTA,2; 8; 10,다운로드·검증·전송·적용 상태 UI 구현,앱 FOTA 화면,OTA-02; HW-03; HW-04,D05,J07,planned,,,
OTA-03.02,OTA-03,OTA,2; 8; 10,전송 중단·재연결·재시작 처리,전송 세션 저장/복원,OTA-02; HW-03; HW-04,D05,J07,planned,,,
OTA-03.03,OTA-03,OTA,2; 8; 10,업데이트 후 버전·키·설정 확인,실기 업데이트 기록,OTA-02; HW-03; HW-04,D05,J07,planned,,,
KEY-01.01,KEY-01,KEY,3; 8,대상 서비스·OS·브라우저·전송별 요구 확인,패스키 호환성 시험표,HW-01; BASE-03,D06,J08,planned,,,
KEY-01.02,KEY-01,KEY,3; 8,실기에서 등록·인증 왕복 실험,전송/인증기 검증 결과,HW-01; BASE-03,D06,J08,planned,,,
KEY-01.03,KEY-01,KEY,3; 8,필요 프로토콜·사용자 검증·저장 형식 확정,인증기 구현 명세,HW-01; BASE-03,D06,J08,planned,,,
KEY-02.01,KEY-02,KEY,3; 8,자격 생성·RP 범위·식별자 저장 구현,자격 저장 모듈,KEY-01; HW-02; HW-03,D06,J08,planned,,,
KEY-02.02,KEY-02,KEY,3; 8,challenge·사용자 존재/검증·서명 연결,등록/인증 처리기,KEY-01; HW-02; HW-03,D06,J08,planned,,,
KEY-02.03,KEY-02,KEY,3; 8,잘못된 RP·재전송·거절 요청 검증,실제 대상 서비스 인증 기록,KEY-01; HW-02; HW-03,D06,J08,planned,,,
KEY-03.01,KEY-03,KEY,3; 8,기기 자격 목록·삭제·서비스 해제 안내 구현,패스키 관리 화면,KEY-02; STAMP-03,D06; D09,J06; J08,planned,,,
KEY-03.02,KEY-03,KEY,3; 8,분실/반납 전 대체 로그인 확보 흐름 연결,복구 안내와 확인 상태,KEY-02; STAMP-03,D06; D09,J06; J08,planned,,,
KEY-03.03,KEY-03,KEY,3; 8,초기화 후 이전 자격 사용 불가 확인,반납/복구 시험,KEY-02; STAMP-03,D06; D09,J06; J08,planned,,,
REC-01.01,REC-01,REC,3; 4,마이크 샘플·코덱 후보·버퍼 경계 구현,캡처 파이프라인,HW-01,D07,J09,planned,,,
REC-01.02,REC-01,REC,3; 4,버튼 시작/종료와 표시등/화면 동기화,녹음 상태 머신,HW-01,D07,J09,planned,,,
REC-01.03,REC-01,REC,3; 4,음질·전송량·버퍼 포화 측정,품질/자원 측정 기록,HW-01,D07,J09,planned,,,
REC-02.01,REC-02,REC,3; 4,프레임 번호·세션·포맷·종료 메타데이터 전송,음성 스트림 규약,REC-01; HW-03; APP-01,D07,J09,planned,,,
REC-02.02,REC-02,REC,3; 4,모바일 수신·파일 마감·목록/재생 연결,오디오 파일 저장 모듈,REC-01; HW-03; APP-01,D07,J09,planned,,,
REC-02.03,REC-02,REC,3; 4,끊김·누락·백그라운드·공간 부족 구분,완전/부분 녹음 상태,REC-01; HW-03; APP-01,D07,J09,planned,,,
REC-03.01,REC-03,REC,3; 4,사용자 선택에 따라 전사 작업 요청,전사 큐/API,REC-02; AUTH-01,D07; D19,J09,planned,,,
REC-03.02,REC-03,REC,3; 4,전사 구간과 요약/할 일을 원음에 연결,녹음 상세/AI 결과,REC-02; AUTH-01,D07; D19,J09,planned,,,
REC-03.03,REC-03,REC,3; 4,재시도·내보내기·원음/파생 데이터 삭제,기록 수명주기 API,REC-02; AUTH-01,D07; D19,J09,planned,,,
FIND-01.01,FIND-01,FIND,3; 8,등록 기기 대상으로 찾기 명령 구성,찾기 요청 API,HW-03; APP-01,D07,J10,planned,,,
FIND-01.02,FIND-01,FIND,3; 8,LED/부저 응답과 중지 구현,기기 찾기 동작,HW-03; APP-01,D07,J10,planned,,,
FIND-01.03,FIND-01,FIND,3; 8,연결 불가·다른 기기·반복 요청 시험,찾기 결과 상태,HW-03; APP-01,D07,J10,planned,,,
FIND-02.01,FIND-02,FIND,3; 8,연결 상태와 근접 측정 유효성을 표시,기기 상태 화면,FIND-01; HW-06; STAMP-03,D07; D09,J10,planned,,,
FIND-02.02,FIND-02,FIND,3; 8,모듈/권한 미지원과 오래된 관측 구별,상태 안내 규칙,FIND-01; HW-06; STAMP-03,D07; D09,J10,planned,,,
FIND-02.03,FIND-02,FIND,3; 8,반납·등록 해제 후 찾기 권한 철회,접근 해제 확인,FIND-01; HW-06; STAMP-03,D07; D09,J10,planned,,,
MPC-01.01,MPC-01,MPC,5; 6,후보 제공 경로의 키 생성/서명/복구 확인,도입 비교와 검증 보고,BASE-02,D03; D04,J01; J12,planned,,,
MPC-01.02,MPC-01,MPC,5; 6,참여자·임계값·보관·탈취 모델 정의,MPC 신뢰 경계도,BASE-02,D03; D04,J01; J12,planned,,,
MPC-01.03,MPC-01,MPC,5; 6,전체키 재조립 없는 서명 검증,선택한 구현의 검증 증거,BASE-02,D03; D04,J01; J12,planned,,,
MPC-02.01,MPC-02,MPC,5; 6,account와 wallet 생성 요청 멱등성 구현,지갑 생성 상태/고유키,MPC-01; AUTH-01; BASE-05,D04,J01; J12,planned,,,
MPC-02.02,MPC-02,MPC,5; 6,분산 키 생성과 참여자별 조각 보관 연결,실제 MPC 지갑 생성,MPC-01; AUTH-01; BASE-05,D04,J01; J12,planned,,,
MPC-02.03,MPC-02,MPC,5; 6,주소 확인·재로그인·실패 생성 복구,생성/연결 시나리오,MPC-01; AUTH-01; BASE-05,D04,J01; J12,planned,,,
MPC-03.01,MPC-03,MPC,5; 6,거래 확인 후 서명 세션 생성,사용자 승인과 digest,MPC-02; APP-03; PAY-02,D04,J01; J12,planned,,,
MPC-03.02,MPC-03,MPC,5; 6,참여자 정책·서명 집계·검증 연결,MPC signer 어댑터,MPC-02; APP-03; PAY-02,D04,J01; J12,planned,,,
MPC-03.03,MPC-03,MPC,5; 6,제출/결과를 공통 거래 UI에 연결,Cloud 송금 실행 기록,MPC-02; APP-03; PAY-02,D04,J01; J12,planned,,,
MPC-04.01,MPC-04,MPC,5; 6,새 폰/분실/참여자 교체별 복구 증명 정의,복구 요청·검증 API,MPC-03; AUTH-04,D04,J01; J12,planned,,,
MPC-04.02,MPC-04,MPC,5; 6,선택 프로토콜에 맞게 조각 교체/재분산 구현,참여자 교체 절차,MPC-03; AUTH-04,D04,J01; J12,planned,,,
MPC-04.03,MPC-04,MPC,5; 6,기존 참여자 철회와 자산 접근 확인,복구 전후 시험,MPC-03; AUTH-04,D04,J01; J12,planned,,,
TOKEN-01.01,TOKEN-01,TOKEN,11,체인·네이티브·ERC20 자산 메타데이터 등록,자산 registry,BASE-04; BASE-05,D10,J13,planned,,,
TOKEN-01.02,TOKEN-01,TOKEN,11,시험 가스·토큰 수급과 충전 안내 연결,시험 자산 준비 절차,BASE-04; BASE-05,D10,J13,planned,,,
TOKEN-01.03,TOKEN-01,TOKEN,11,RPC/탐색기/배포 코드 일치 확인,환경 점검 결과,BASE-04; BASE-05,D10,J13,planned,,,
TOKEN-02.01,TOKEN-02,TOKEN,11,더미 ERC20의 단위·발행/소각 권한 구현,테스트 토큰 계약,TOKEN-01; RELEASE-01,D10,J13,planned,,,
TOKEN-02.02,TOKEN-02,TOKEN,11,배포·주소·ABI·버전 manifest 생성,재현 배포 도구,TOKEN-01; RELEASE-01,D10,J13,planned,,,
TOKEN-02.03,TOKEN-02,TOKEN,11,전송·권한 거절·이벤트 검증,토큰 시험 기록,TOKEN-01; RELEASE-01,D10,J13,planned,,,
TOKEN-03.01,TOKEN-03,TOKEN,11,네이티브 WKRC와 wrapped 사용 여부 구분,자산 타입/주소 명세,TOKEN-01; APP-02; PAY-02,D10,J13,planned,,,
TOKEN-03.02,TOKEN-03,TOKEN,11,네이티브 송금·가스 잔액 UI 연결,가스/송금 경로,TOKEN-01; APP-02; PAY-02,D10,J13,planned,,,
TOKEN-03.03,TOKEN-03,TOKEN,11,wrapped 채택 시 입출금과 잔액 연동 검증,자산별 수용 시나리오,TOKEN-01; APP-02; PAY-02,D10,J13,planned,,,
INDEX-01.01,INDEX-01,INDEX,12,체인·배포 시작 블록·계약 목록 설정,Indexer 실행 설정,BASE-04; BASE-05,D10,J13,planned,,,
INDEX-01.02,INDEX-01,INDEX,12,블록/receipt/log 수집과 지속 저장 연결,수집 파이프라인,BASE-04; BASE-05,D10,J13,planned,,,
INDEX-01.03,INDEX-01,INDEX,12,동일 높이 해시와 재시작 진행점 확인,노드 대조 기록,BASE-04; BASE-05,D10,J13,planned,,,
INDEX-02.01,INDEX-02,INDEX,12,RPC params/응답 wrapper 불일치 수정,SDK RPC 어댑터,INDEX-01,D02,J13,planned,,,
INDEX-02.02,INDEX-02,INDEX,12,receipt/status/timestamp 조회 경로 수정,GraphQL 질의/변환기,INDEX-01,D02,J13,planned,,,
INDEX-02.03,INDEX-02,INDEX,12,정수 금액·빈 결과·오류 fixture 검증,조회 계약 시험,INDEX-01,D02,J13,planned,,,
INDEX-03.01,INDEX-03,INDEX,12,커서·backfill 구간·재시작 체크포인트 구현,수집 진행 상태,INDEX-02,D08; D10,J13,planned,,,
INDEX-03.02,INDEX-03,INDEX,12,chain/tx/log 고유키와 정규 블록 검사 구현,중복/재구성 처리,INDEX-02,D08; D10,J13,planned,,,
INDEX-03.03,INDEX-03,INDEX,12,중단 복구·되돌림·재적재 시험,수집 복구 기록,INDEX-02,D08; D10,J13,planned,,,
INDEX-04.01,INDEX-04,INDEX,12,필수 계약 ABI와 이벤트 버전 등록,이벤트 registry,INDEX-03; SMART-02; DEX-02; FX-02; PERP-04; STO-02; DID-02; X402-02,D10,J13,planned,,,
INDEX-04.02,INDEX-04,INDEX,12,각 상품의 앱 조회 모델 구성,자산/포지션/자격 조회 API,INDEX-03; SMART-02; DEX-02; FX-02; PERP-04; STO-02; DID-02; X402-02,D10,J13,planned,,,
INDEX-04.03,INDEX-04,INDEX,12,실제 호출 이벤트와 모델 대조,영역별 이벤트 샘플,INDEX-03; SMART-02; DEX-02; FX-02; PERP-04; STO-02; DID-02; X402-02,D10,J13,planned,,,
INDEX-05.01,INDEX-05,INDEX,12,거래·receipt·log·확정 정보 조회 연결,거래 상세 API,INDEX-04; OPS-03,D08; D10,J13,planned,,,
INDEX-05.02,INDEX-05,INDEX,12,대기·관측·확정·실패·재관측 UI 구현,거래 진행 화면,INDEX-04; OPS-03,D08; D10,J13,planned,,,
INDEX-05.03,INDEX-05,INDEX,12,앱별 transaction ID로 탐색기 추적,조회 연결 기록,INDEX-04; OPS-03,D08; D10,J13,planned,,,
PAY-01.01,PAY-01,PAY,1; 7; 9; 12,주문 금액을 자산 단위로 고정하고 기한 부여,결제 견적,BASE-03; TOKEN-01,D08,J03,planned,,,
PAY-01.02,PAY-01,PAY,1; 7; 9; 12,nonce·가스·수취·호출 데이터 구성,서명 요청 payload,BASE-03; TOKEN-01,D08,J03,planned,,,
PAY-01.03,PAY-01,PAY,1; 7; 9; 12,잘못된 체인·부족 잔액·기한 만료 처리,견적/승인 검증,BASE-03; TOKEN-01,D08,J03,planned,,,
PAY-02.01,PAY-02,PAY,1; 7; 9; 12,서명 bytes 검증·tx hash·시도 상태 저장,제출 API/원장,PAY-01; BASE-05,D08,J03,planned,,,
PAY-02.02,PAY-02,PAY,1; 7; 9; 12,중계 timeout 시 tx hash로 조회,불명확 제출 복구,PAY-01; BASE-05,D08,J03,planned,,,
PAY-02.03,PAY-02,PAY,1; 7; 9; 12,동일 제출 재시도와 대체 거래 분리,중복/nonce 처리 시험,PAY-01; BASE-05,D08,J03,planned,,,
PAY-03.01,PAY-03,PAY,1; 7; 9; 12,가격·메뉴·수취 주소를 주문에 snapshot,주문 생성 API,PAY-02; SHOP-02,D08,J03,planned,,,
PAY-03.02,PAY-03,PAY,1; 7; 9; 12,attempt ID에 견적·지갑·서명 요청 연결,결제 시도 원장,PAY-02; SHOP-02,D08,J03,planned,,,
PAY-03.03,PAY-03,PAY,1; 7; 9; 12,하나의 지급 증거를 한 주문에만 배정,대사 고유 제약,PAY-02; SHOP-02,D08,J03,planned,,,
PAY-04.01,PAY-04,PAY,1; 7; 9; 12,receipt와 자산/수취/금액/확정 검증,입금 검증기,PAY-03; INDEX-03; TOKEN-02,D08,J03,planned,,,
PAY-04.02,PAY-04,PAY,1; 7; 9; 12,정상·부족/초과·기한 뒤 입금 분리,예외 입금 처리,PAY-03; INDEX-03; TOKEN-02,D08,J03,planned,,,
PAY-04.03,PAY-04,PAY,1; 7; 9; 12,주문·매출 반영과 중복 이벤트 차단,대사 결과/감사 로그,PAY-03; INDEX-03; TOKEN-02,D08,J03,planned,,,
PAY-04.04,PAY-04,PAY,1; 7; 9; 12,사전 승인 거래·지급 주체·attempt 귀속 검증,타 고객 동일 금액 거래 재사용 거절 시험,PAY-03; INDEX-03; TOKEN-02,D08,J03,planned,,,
PAY-05.01,PAY-05,PAY,1; 7; 9; 12,키오스크 주문에서 NU 승인 요청 연결,실기 결제 수직 경로,PAY-04; HW-05; HW-06; SHOP-03,D08,J03,planned,,,
PAY-05.02,PAY-05,PAY,1; 7; 9; 12,서명·중계·Indexer·주문 결과 동기화,결제 종단 실행,PAY-04; HW-05; HW-06; SHOP-03,D08,J03,planned,,,
PAY-05.03,PAY-05,PAY,1; 7; 9; 12,거절·거리 이탈·앱 재시작 재현,카페 결제 시나리오 증거,PAY-04; HW-05; HW-06; SHOP-03,D08,J03,planned,,,
SHOP-01.01,SHOP-01,SHOP,9,RN 태블릿 빌드와 로그인/매장 선택 구현,키오스크 설치 앱,AUTH-02; AUTH-03; BASE-03,D01,J04; J05,planned,,,
SHOP-01.02,SHOP-01,SHOP,9,고객 모드와 관리 모드 권한 분리,모드 전환/잠금,AUTH-02; AUTH-03; BASE-03,D01,J04; J05,planned,,,
SHOP-01.03,SHOP-01,SHOP,9,소셜 가입·다른 매장 접근 거절 확인,매장 인증 시험,AUTH-02; AUTH-03; BASE-03,D01,J04; J05,planned,,,
SHOP-02.01,SHOP-02,SHOP,9,메뉴/옵션/가격/품절 CRUD 구현,메뉴 관리 UI/API,SHOP-01,D08,J04; J05,planned,,,
SHOP-02.02,SHOP-02,SHOP,9,장바구니·수량·주문 가격 검증,주문 화면/API,SHOP-01,D08,J04; J05,planned,,,
SHOP-02.03,SHOP-02,SHOP,9,중복 주문·품절 변경·과거 가격 확인,주문 경계 시험,SHOP-01,D08,J04; J05,planned,,,
SHOP-03.01,SHOP-03,SHOP,9,결제 수단·금액·연결 대상 확인 UI 구현,결제 시작 화면,SHOP-02; HW-03; PAY-03,D08,J04; J05,planned,,,
SHOP-03.02,SHOP-03,SHOP,9,승인 대기·거절·끊김·기한 만료 표시,키오스크 세션 상태,SHOP-02; HW-03; PAY-03,D08,J04; J05,planned,,,
SHOP-03.03,SHOP-03,SHOP,9,앱 재시작 후 기존 주문 복원,중복 탭/복원 시험,SHOP-02; HW-03; PAY-03,D08,J04; J05,planned,,,
SHOP-03.04,SHOP-03,SHOP,9,임시 결제 세션 종료 후 키오스크 권한 폐기,소유 등록 유지·세션 종료 시험,SHOP-02; HW-03; PAY-03,D08,J04; J05,planned,,,
SHOP-04.01,SHOP-04,SHOP,9,원주문 기준 환불 가능액 계산,환불 요청/잔여 한도,PAY-04; APP-03,D08; D09,J04; J05,planned,,,
SHOP-04.02,SHOP-04,SHOP,9,권한 확인·환불 주소 검증·서명 연결,환불 승인 흐름,PAY-04; APP-03,D08; D09,J04; J05,planned,,,
SHOP-04.03,SHOP-04,SHOP,9,별도 지급 확정 후 잔여액/혜택 보정,부분/중복 환불 시험,PAY-04; APP-03,D08; D09,J04; J05,planned,,,
SHOP-05.01,SHOP-05,SHOP,9,기간별 주문·입금·환불 집계,매출/수취 대시보드,SHOP-04; PAY-04,D08,J04; J05,planned,,,
SHOP-05.02,SHOP-05,SHOP,9,지갑 입출금과 주문 원장 대조,정산 차이 목록,SHOP-04; PAY-04,D08,J04; J05,planned,,,
SHOP-05.03,SHOP-05,SHOP,9,마감 기록·재개방/보정·내보내기 구현,정산 처리 이력,SHOP-04; PAY-04,D08,J04; J05,planned,,,
STAMP-01.01,STAMP-01,STAMP,3; 7; 8; 10; 14,발급/사용/취소 정책과 고유키 정의,혜택 원장 스키마,PAY-04; AUTH-01,D09,J06; J11,planned,,,
STAMP-01.02,STAMP-01,STAMP,3; 7; 8; 10; 14,확정 결제 이벤트에 적립 연결,스탬프 지급 처리기,PAY-04; AUTH-01,D09,J06; J11,planned,,,
STAMP-01.03,STAMP-01,STAMP,3; 7; 8; 10; 14,중복 사용·부분 환불·취소 보정 처리,혜택 상태 시험,PAY-04; AUTH-01,D09,J06; J11,planned,,,
STAMP-02.01,STAMP-02,STAMP,3; 7; 8; 10; 14,카페별 스탬프/사용 가능 혜택 화면 구현,패스포트 UI,STAMP-01; HW-03; APP-04,D09,J06; J11,planned,,,
STAMP-02.02,STAMP-02,STAMP,3; 7; 8; 10; 14,기기 표시 데이터 동기화,기기 스탬프 명령,STAMP-01; HW-03; APP-04,D09,J06; J11,planned,,,
STAMP-02.03,STAMP-02,STAMP,3; 7; 8; 10; 14,오프라인·기기 변경 후 최신 원장 복원,동기화 검증,STAMP-01; HW-03; APP-04,D09,J06; J11,planned,,,
STAMP-03.01,STAMP-03,STAMP,3; 7; 8; 10; 14,기기 할당·사용자 등록·반납 요청 구현,대여 원장,HW-04; PAY-02; AUTH-01,D03; D09,J06; J11,planned,,,
STAMP-03.02,STAMP-03,STAMP,3; 7; 8; 10; 14,지갑 종류별 회수/외부 접근 확인 후 초기화·해제 연결,반납 단계 화면,HW-04; PAY-02; AUTH-01,D03; D09,J06; J11,planned,,,
STAMP-03.03,STAMP-03,STAMP,3; 7; 8; 10; 14,반납 보류와 운영자 확인 경로 구성,대여/반납 기록,HW-04; PAY-02; AUTH-01,D03; D09,J06; J11,planned,,,
STAMP-03.04,STAMP-03,STAMP,3; 7; 8; 10; 14,여행용 신규 지갑의 반환 주소·자산 회수 확인,신규 여행 지갑 반납 경로,HW-04; PAY-02; AUTH-01,D03; D09,J06; J11,planned,,,
STAMP-03.05,STAMP-03,STAMP,3; 7; 8; 10; 14,import 지갑의 외부 접근 확인 후 기기 사본만 삭제,기존 지갑 잔액/권한 보존 반납 경로,HW-04; PAY-02; AUTH-01,D03; D09,J06; J11,planned,,,
OPS-01.01,OPS-01,OPS,10; 15,운영 계정·역할·권한 검사 구현,백오피스 로그인/권한,AUTH-01; BASE-05,D19,J19,planned,,,
OPS-01.02,OPS-01,OPS,10; 15,가맹점·기기·거래 조회 탐색 구성,관리 화면 골격,AUTH-01; BASE-05,D19,J19,planned,,,
OPS-01.03,OPS-01,OPS,10; 15,변경자·대상·이전/이후 값 감사 기록,감사 조회 화면,AUTH-01; BASE-05,D19,J19,planned,,,
OPS-02.01,OPS-02,OPS,10; 15,가맹점 활성/정지와 대여 배정 관리,매장/기기 관리,OPS-01; STAMP-03; OTA-02,D05; D09,J19,planned,,,
OPS-02.02,OPS-02,OPS,10; 15,호환 대상별 FOTA 배포·중지 제어,릴리스 운영 화면,OPS-01; STAMP-03; OTA-02,D05; D09,J19,planned,,,
OPS-02.03,OPS-02,OPS,10; 15,설정 변경과 앱/기기 실제 상태 대조,운영 변경 기록,OPS-01; STAMP-03; OTA-02,D05; D09,J19,planned,,,
OPS-03.01,OPS-03,OPS,10; 15,미확정·오입금·Indexer 지연 큐 구성,결제 예외 화면,OPS-01; PAY-04; INDEX-03,D08; D19,J05; J13; J19,planned,,,
OPS-03.02,OPS-03,OPS,10; 15,원천 재조회·재처리·처리 메모 구현,운영 조치 API,OPS-01; PAY-04; INDEX-03,D08; D19,J05; J13; J19,planned,,,
OPS-03.03,OPS-03,OPS,10; 15,반복 조치 시 중복 매출/혜택 방지,대사 운영 시험,OPS-01; PAY-04; INDEX-03,D08; D19,J05; J13; J19,planned,,,
SMART-01.01,SMART-01,SMART,11,계정 생성/위임 방식과 signer 후보 비교,전환 설계,PAY-01; MPC-01; BASE-04,D11,J12,planned,,,
SMART-01.02,SMART-01,SMART,11,기존 EOA 자산·주소·권한 변화 정의,전환/복구 화면 명세,PAY-01; MPC-01; BASE-04,D11,J12,planned,,,
SMART-01.03,SMART-01,SMART,11,선택 버전의 해시/서명/권한 경계 확정,AA 호환 명세,PAY-01; MPC-01; BASE-04,D11,J12,planned,,,
SMART-02.01,SMART-02,SMART,11,계정·EntryPoint·Bundler 버전 맞춤,실행 구성 manifest,SMART-01; TOKEN-02; RELEASE-01,D11,J12,planned,,,
SMART-02.02,SMART-02,SMART,11,UserOperation 구성·서명·제출 연결,AA 실행 어댑터,SMART-01; TOKEN-02; RELEASE-01,D11,J12,planned,,,
SMART-02.03,SMART-02,SMART,11,온체인 해시 일치와 개별 실행 결과 검증,AA 성공/실패 시험,SMART-01; TOKEN-02; RELEASE-01,D11,J12,planned,,,
SMART-03.01,SMART-03,SMART,11,EOA/스마트 계정 선택과 전환 안내 구현,계정 화면,SMART-02; HW-05; MPC-03; APP-03,D11,J06; J12,planned,,,
SMART-03.02,SMART-03,SMART,11,선택 signer의 승인·실행 연결,스마트 계정 앱 거래,SMART-02; HW-05; MPC-03; APP-03,D11,J06; J12,planned,,,
SMART-03.03,SMART-03,SMART,11,복구·기기 반납 시 권한 변화 검증,계정 수명주기 시험,SMART-02; HW-05; MPC-03; APP-03,D11,J06; J12,planned,,,
DEX-01.01,DEX-01,DEX,11; 13,지원 swap·유동성 입출금 행위 명세,DeFi 상품 카드,BASE-04; TOKEN-01,D12,J14,planned,,,
DEX-01.02,DEX-01,DEX,11; 13,토큰 쌍·pool·초기 유동성·수수료 지정,시장 설정,BASE-04; TOKEN-01,D12,J14,planned,,,
DEX-01.03,DEX-01,DEX,11; 13,기존 V2/V3 실행 경로와 필요한 수정 연결,DEX 재사용 변경표,BASE-04; TOKEN-01,D12,J14,planned,,,
DEX-02.01,DEX-02,DEX,11; 13,실제 pool 상태로 quote 생성,견적 서비스,DEX-01; TOKEN-02; PAY-02,D12,J14,planned,,,
DEX-02.02,DEX-02,DEX,11; 13,allowance·최소 수취·기한·실행 구현,swap/유동성 어댑터,DEX-01; TOKEN-02; PAY-02,D12,J14,planned,,,
DEX-02.03,DEX-02,DEX,11; 13,실패·가격 변동·유동성 부족 검증,DEX 거래 시험,DEX-01; TOKEN-02; PAY-02,D12,J14,planned,,,
DEX-03.01,DEX-03,DEX,11; 13,자산 선택·견적·승인·swap 화면 구현,DEX 앱 화면,DEX-02; APP-03; INDEX-03,D12,J14,planned,,,
DEX-03.02,DEX-03,DEX,11; 13,유동성 추가/회수·보유분 조회 연결,LP 앱 화면,DEX-02; APP-03; INDEX-03,D12,J14,planned,,,
DEX-03.03,DEX-03,DEX,11; 13,Indexer 결과로 잔액/이력 갱신,DEX 종단 실행 기록,DEX-02; APP-03; INDEX-03,D12,J14,planned,,,
FX-01.01,FX-01,FX,11; 13,통화 쌍·현물/파생 성격·시험 자산 정의,FX 상품 카드,DEX-01,D12,J14,planned,,,
FX-01.02,FX-01,FX,11; 13,가격 출처·갱신·정밀도·수수료 정의,FX quote 명세,DEX-01,D12,J14,planned,,,
FX-01.03,FX-01,FX,11; 13,DEX와 공유/별도 구현 경계 지정,FX 작업 경계표,DEX-01,D12,J14,planned,,,
FX-02.01,FX-02,FX,11; 13,통화 금액·단위·유효기한 검증,FX 견적 API,FX-01; DEX-02,D12,J14,planned,,,
FX-02.02,FX-02,FX,11; 13,선택 모델의 실행 계약/서비스 연결,FX 실행 어댑터,FX-01; DEX-02,D12,J14,planned,,,
FX-02.03,FX-02,FX,11; 13,가격 만료·최소 수취·이벤트 검증,FX 경계 시험,FX-01; DEX-02,D12,J14,planned,,,
FX-03.01,FX-03,FX,11; 13,통화 입력·환산·수수료 확인 UI 구현,FX 화면,FX-02; APP-03; INDEX-03,D12,J14,planned,,,
FX-03.02,FX-03,FX,11; 13,지갑 승인·실행·실패 복구 연결,FX 거래 흐름,FX-02; APP-03; INDEX-03,D12,J14,planned,,,
FX-03.03,FX-03,FX,11; 13,실제 체결 금액/가격을 이력에 표시,FX 영수증,FX-02; APP-03; INDEX-03,D12,J14,planned,,,
PERP-01.01,PERP-01,PERP,11; 13,시장·담보·레버리지·손익 계산 경계 정의,시장 파라미터,BASE-04,D13,J15,planned,,,
PERP-01.02,PERP-01,PERP,11; 13,가격·펀딩·청산·중단 정책 명세,위험/실행 규칙,BASE-04,D13,J15,planned,,,
PERP-01.03,PERP-01,PERP,11; 13,기존 TODO·고정 가격 대체 위치 지정,계약/서비스 수정표,BASE-04,D13,J15,planned,,,
PERP-02.01,PERP-02,PERP,11; 13,가격 소스와 업데이트 권한 구성,오라클 어댑터,PERP-01; BASE-05,D13,J15,planned,,,
PERP-02.02,PERP-02,PERP,11; 13,가격 시점·이상치·stale 검사 구현,가격 유효성 모듈,PERP-01; BASE-05,D13,J15,planned,,,
PERP-02.03,PERP-02,PERP,11; 13,지연·급변·공급 중단 시 동작 검증,가격 장애 시나리오,PERP-01; BASE-05,D13,J15,planned,,,
PERP-03.01,PERP-03,PERP,11; 13,담보 입금/출금과 사용 가능액 구현,증거금 계약/API,PERP-02; TOKEN-02; PAY-02,D13,J15,planned,,,
PERP-03.02,PERP-03,PERP,11; 13,포지션 개설·축소·종료 실행,포지션 명령,PERP-02; TOKEN-02; PAY-02,D13,J15,planned,,,
PERP-03.03,PERP-03,PERP,11; 13,실현/미실현 손익·잔액 대조,포지션 계산 시험,PERP-02; TOKEN-02; PAY-02,D13,J15,planned,,,
PERP-04.01,PERP-04,PERP,11; 13,펀딩 누적·적용·계정 반영 구현,펀딩 계산/이벤트,PERP-03,D13,J15,planned,,,
PERP-04.02,PERP-04,PERP,11; 13,청산 조건·집행·잔여 담보 처리,청산 경로,PERP-03,D13,J15,planned,,,
PERP-04.03,PERP-04,PERP,11; 13,경계 가격·반복 실행·중단 복구 검증,펀딩/청산 시험,PERP-03,D13,J15,planned,,,
PERP-05.01,PERP-05,PERP,11; 13,시장·담보·주문 입력과 승인 화면 구현,Perp 주문 UI,PERP-04; APP-03; INDEX-03; PERP-06,D13,J15,planned,,,
PERP-05.02,PERP-05,PERP,11; 13,포지션·손익·펀딩·청산 내역 연결,포지션 상세,PERP-04; APP-03; INDEX-03; PERP-06,D13,J15,planned,,,
PERP-05.03,PERP-05,PERP,11; 13,가격 지연·주문 실패·복구 상태 표시,Perp 앱 실행 기록,PERP-04; APP-03; INDEX-03; PERP-06,D13,J15,planned,,,
STO-01.01,STO-01,STO,11,시험 발행물과 표시할 권리 정의,STO 상품 카드,BASE-02,D14,J16,planned,,,
STO-01.02,STO-01,STO,11,발행자·보유자·전송 대상 자격 정의,권한/전송 규칙,BASE-02,D14,J16,planned,,,
STO-01.03,STO-01,STO,11,발행/조회/전송/제한 앱 흐름 지정,STO 수용 시나리오,BASE-02,D14,J16,planned,,,
STO-02.01,STO-02,STO,11,발행·공급·보유·자격 검사 구현,테스트 계약,STO-01; TOKEN-01; RELEASE-01,D14,J16,planned,,,
STO-02.02,STO-02,STO,11,허용/거절 전송과 관리 명령 연결,STO 서비스,STO-01; TOKEN-01; RELEASE-01,D14,J16,planned,,,
STO-02.03,STO-02,STO,11,권한 없음·자격 철회·이벤트 검증,STO 계약 시험,STO-01; TOKEN-01; RELEASE-01,D14,J16,planned,,,
STO-03.01,STO-03,STO,11,발행물 설명·자격·보유량 화면 구현,STO 앱 화면,STO-02; APP-03; AUTH-01; INDEX-03,D14,J16,planned,,,
STO-03.02,STO-03,STO,11,허용된 동작의 승인/실행 연결,STO 거래 흐름,STO-02; APP-03; AUTH-01; INDEX-03,D14,J16,planned,,,
STO-03.03,STO-03,STO,11,거절 사유와 실제 상태 갱신,STO 앱 시험,STO-02; APP-03; AUTH-01; INDEX-03,D14,J16,planned,,,
DID-01.01,DID-01,DID,11,식별자·발급자·검증자와 표준 선택,DID/자격 모델,BASE-02,D15,J16,planned,,,
DID-01.02,DID-01,DID,11,공개 데이터·개인 데이터 보관 분리,데이터 공개 명세,BASE-02,D15,J16,planned,,,
DID-01.03,DID-01,DID,11,발급·제시·만료·철회 시나리오 지정,자격 수명주기,BASE-02,D15,J16,planned,,,
DID-02.01,DID-02,DID,11,발급 권한과 소유자 결합 검증 구현,자격 발급 API,DID-01; AUTH-01; RELEASE-01,D15,J16,planned,,,
DID-02.02,DID-02,DID,11,서명·발급자·만료·철회 상태 검증,검증 API,DID-01; AUTH-01; RELEASE-01,D15,J16,planned,,,
DID-02.03,DID-02,DID,11,필요 계약/상태 registry와 연결,자격 검증 시험,DID-01; AUTH-01; RELEASE-01,D15,J16,planned,,,
DID-03.01,DID-03,DID,11,자격 목록·상세·사용 동의 화면 구현,DID 앱 화면,DID-02; APP-01,D15,J16,planned,,,
DID-03.02,DID-03,DID,11,요청 대상에 필요한 자격만 제시,제시/검증 흐름,DID-02; APP-01,D15,J16,planned,,,
DID-03.03,DID-03,DID,11,만료·철회·다른 지갑 서명 거절 표시,DID 앱 시험,DID-02; APP-01,D15,J16,planned,,,
X402-01.01,X402-01,X402,11,유료 자원·가격·지원 자산/버전 명세,HTTP 결제 상품 카드,BASE-03; TOKEN-01,D16,J17,planned,,,
X402-01.02,X402-01,X402,11,검증자·결제 수단·지원 네트워크 확인,호환성 검증 결과,BASE-03; TOKEN-01,D16,J17,planned,,,
X402-01.03,X402-01,X402,11,동일 요청 재시도·응답 실패 정책 정의,과금/권한 규칙,BASE-03; TOKEN-01,D16,J17,planned,,,
X402-02.01,X402-02,X402,11,지불 요구와 요청별 지불 증명 처리,유료 자원 서버,X402-01; PAY-02; TOKEN-02,D16,J17,planned,,,
X402-02.02,X402-02,X402,11,검증·지급·이용권 상태 분리,지불 검증 서비스,X402-01; PAY-02; TOKEN-02,D16,J17,planned,,,
X402-02.03,X402-02,X402,11,위조·다른 자원·재요청·응답 실패 시험,x402 통합 시험,X402-01; PAY-02; TOKEN-02,D16,J17,planned,,,
X402-03.01,X402-03,X402,11,유료 자원·가격·사용 지갑 표시,유료 이용 화면,X402-02; APP-03; INDEX-03,D16,J17,planned,,,
X402-03.02,X402-03,X402,11,승인·지급·자원 응답 연결,앱 유료 요청 모듈,X402-02; APP-03; INDEX-03,D16,J17,planned,,,
X402-03.03,X402-03,X402,11,지불 후 응답 재조회와 이력 연결,유료 요청 복구 기록,X402-02; APP-03; INDEX-03,D16,J17,planned,,,
TRIP-01.01,TRIP-01,TRIP,7; 14,장소 제공자와 store/place ID 매핑,장소 어댑터,APP-01; BASE-05,D17,J18,planned,,,
TRIP-01.02,TRIP-01,TRIP,7; 14,위치·거리·검색/목록/상세 구현,맛집 화면,APP-01; BASE-05,D17,J18,planned,,,
TRIP-01.03,TRIP-01,TRIP,7; 14,위치 거절·수동 지역·오래된 정보 표시,장소 검색 시험,APP-01; BASE-05,D17,J18,planned,,,
TRIP-02.01,TRIP-02,TRIP,7; 14,후기 생성·수정·삭제·첨부 정책 구현,후기 API,TRIP-01; AUTH-01; PAY-04,D17,J18,planned,,,
TRIP-02.02,TRIP-02,TRIP,7; 14,결제 소유·출처와 구매 표식 연결,후기 증거 검증,TRIP-01; AUTH-01; PAY-04,D17,J18,planned,,,
TRIP-02.03,TRIP-02,TRIP,7; 14,신고/숨김·환불/관측 변경 처리,후기 노출 이력,TRIP-01; AUTH-01; PAY-04,D17,J18,planned,,,
TRIP-03.01,TRIP-03,TRIP,7; 14,여행 시작/종료·언어·시간대 설정,여행 모드,TRIP-01; APP-04,D01; D17,J18,planned,,,
TRIP-03.02,TRIP-03,TRIP,7; 14,결제와 위치 방문을 구분해 타임라인 표시,발자취 화면,TRIP-01; APP-04,D01; D17,J18,planned,,,
TRIP-03.03,TRIP-03,TRIP,7; 14,권한 변경·수동 기록·삭제 반영,여행 기록 시험,TRIP-01; APP-04,D01; D17,J18,planned,,,
AI-01.01,AI-01,AI,14,추천 입력과 사용 가능 출처 지정,추천 입력 스키마,TRIP-02; TRIP-03,D18,J18,planned,,,
AI-01.02,AI-01,AI,14,시간·이동·영업시간·예산 제약 정의,코스 검증 규칙,TRIP-02; TRIP-03,D18,J18,planned,,,
AI-01.03,AI-01,AI,14,충분/부족/오염 데이터 평가 표본 구성,추천 평가 데이터,TRIP-02; TRIP-03,D18,J18,planned,,,
AI-02.01,AI-02,AI,14,후보 검색·AI 생성·구조화 검증 연결,추천 서비스,AI-01,D18,J18,planned,,,
AI-02.02,AI-02,AI,14,장소·근거·이동 순서를 검증해 표시,추천 코스 화면,AI-01,D18,J18,planned,,,
AI-02.03,AI-02,AI,14,수정·저장·실패/데이터 부족 대안 구현,코스 수명주기,AI-01,D18,J18,planned,,,
AI-03.01,AI-03,AI,14,참여·단계·방문/구매 증거 규칙 구현,챌린지 모델,AI-02; STAMP-01; TRIP-03; INDEX-06,D09; D18,J18,planned,,,
AI-03.02,AI-03,AI,14,진행·발도장·중복 보상 차단 연결,챌린지 앱/원장,AI-02; STAMP-01; TRIP-03; INDEX-06,D09; D18,J18,planned,,,
AI-03.03,AI-03,AI,14,환불·증거 철회·위치 불확실 시 보정,챌린지 재검증 시험,AI-02; STAMP-01; TRIP-03; INDEX-06,D09; D18,J18,planned,,,
VERIFY-01.01,VERIFY-01,VERIFY,1; 2; 3; 4; 5; 6; 7; 8; 9; 10; 11; 12; 13; 14; 15,계정/지갑/대여 시험 데이터 준비,시험 사용자·기기 조합,PAY-05; MPC-04; AUTH-04; STAMP-03; SMART-03; STAMP-04; MPC-05; BASE-06,D03; D04; D09; D19,J19,planned,,,
VERIFY-01.02,VERIFY-01,VERIFY,1; 2; 3; 4; 5; 6; 7; 8; 9; 10; 11; 12; 13; 14; 15,신규/import/MPC·복구·반납 시나리오 실행,통합 실행 증거,PAY-05; MPC-04; AUTH-04; STAMP-03; SMART-03; STAMP-04; MPC-05; BASE-06,D03; D04; D09; D19,J19,planned,,,
VERIFY-01.03,VERIFY-01,VERIFY,1; 2; 3; 4; 5; 6; 7; 8; 9; 10; 11; 12; 13; 14; 15,불일치 원인과 수정 후 재검증 기록,인수 판정,PAY-05; MPC-04; AUTH-04; STAMP-03; SMART-03; STAMP-04; MPC-05; BASE-06,D03; D04; D09; D19,J19,planned,,,
VERIFY-02.01,VERIFY-02,VERIFY,1; 2; 3; 4; 5; 6; 7; 8; 9; 10; 11; 12; 13; 14; 15,기기 기능/동시 동작 시험 순서 구성,실기 시험 매트릭스,OTA-03; KEY-03; REC-03; FIND-02; STAMP-02; HW-07; OTA-04,D05; D06; D07; D19,J19,planned,,,
VERIFY-02.02,VERIFY-02,VERIFY,1; 2; 3; 4; 5; 6; 7; 8; 9; 10; 11; 12; 13; 14; 15,FOTA·패스키·음성·찾기·혜택 실행,기기/앱 증거,OTA-03; KEY-03; REC-03; FIND-02; STAMP-02; HW-07; OTA-04,D05; D06; D07; D19,J19,planned,,,
VERIFY-02.03,VERIFY-02,VERIFY,1; 2; 3; 4; 5; 6; 7; 8; 9; 10; 11; 12; 13; 14; 15,자원·전력·단절 목표와 결과 대조,기기 인수 판정,OTA-03; KEY-03; REC-03; FIND-02; STAMP-02; HW-07; OTA-04,D05; D06; D07; D19,J19,planned,,,
VERIFY-03.01,VERIFY-03,VERIFY,1; 2; 3; 4; 5; 6; 7; 8; 9; 10; 11; 12; 13; 14; 15,카페 주문·입금·환불 예외 데이터 준비,매장 시험 시나리오,PAY-05; SHOP-05; OPS-02; OPS-03; SHOP-06; INDEX-06,D08; D09; D19,J19,planned,,,
VERIFY-03.02,VERIFY-03,VERIFY,1; 2; 3; 4; 5; 6; 7; 8; 9; 10; 11; 12; 13; 14; 15,RN 키오스크·점주 앱·운영 도구 연결 검증,매장 종단 증거,PAY-05; SHOP-05; OPS-02; OPS-03; SHOP-06; INDEX-06,D08; D09; D19,J19,planned,,,
VERIFY-03.03,VERIFY-03,VERIFY,1; 2; 3; 4; 5; 6; 7; 8; 9; 10; 11; 12; 13; 14; 15,원장/체인/정산·권한 결과 대조,매장 인수 판정,PAY-05; SHOP-05; OPS-02; OPS-03; SHOP-06; INDEX-06,D08; D09; D19,J19,planned,,,
VERIFY-04.01,VERIFY-04,VERIFY,1; 2; 3; 4; 5; 6; 7; 8; 9; 10; 11; 12; 13; 14; 15,9개 계약 영역의 배포/앱 조합 확인,온체인 수용 행렬,TOKEN-03; DEX-03; FX-03; PERP-05; STO-03; DID-03; X402-03; SMART-03; INDEX-05,D10; D11; D12; D13; D14; D15; D16; D19,J19,planned,,,
VERIFY-04.02,VERIFY-04,VERIFY,1; 2; 3; 4; 5; 6; 7; 8; 9; 10; 11; 12; 13; 14; 15,각 앱에서 승인→실행→이벤트 확인,거래/로그 증거,TOKEN-03; DEX-03; FX-03; PERP-05; STO-03; DID-03; X402-03; SMART-03; INDEX-05,D10; D11; D12; D13; D14; D15; D16; D19,J19,planned,,,
VERIFY-04.03,VERIFY-04,VERIFY,1; 2; 3; 4; 5; 6; 7; 8; 9; 10; 11; 12; 13; 14; 15,DEX·FX·Perp 실패/복구 결과 대조,온체인 인수 판정,TOKEN-03; DEX-03; FX-03; PERP-05; STO-03; DID-03; X402-03; SMART-03; INDEX-05,D10; D11; D12; D13; D14; D15; D16; D19,J19,planned,,,
VERIFY-05.01,VERIFY-05,VERIFY,1; 2; 3; 4; 5; 6; 7; 8; 9; 10; 11; 12; 13; 14; 15,여행·결제·후기·위치 출처 준비,여행 평가 표본,AI-03; TRIP-03; STAMP-02; TRIP-04; INDEX-06,D17; D18; D19,J19,planned,,,
VERIFY-05.02,VERIFY-05,VERIFY,1; 2; 3; 4; 5; 6; 7; 8; 9; 10; 11; 12; 13; 14; 15,코스·수정·따라하기·발도장 실행,여행 종단 증거,AI-03; TRIP-03; STAMP-02; TRIP-04; INDEX-06,D17; D18; D19,J19,planned,,,
VERIFY-05.03,VERIFY-05,VERIFY,1; 2; 3; 4; 5; 6; 7; 8; 9; 10; 11; 12; 13; 14; 15,동의 철회·삭제·관측 보정 반영 확인,여행 인수 판정,AI-03; TRIP-03; STAMP-02; TRIP-04; INDEX-06,D17; D18; D19,J19,planned,,,
RELEASE-01.01,RELEASE-01,RELEASE,15,앱/펌웨어/서버/계약 빌드 명령 고정,빌드/배포 문서,BASE-04; BASE-05,D10; D19,J19,planned,,,
RELEASE-01.02,RELEASE-01,RELEASE,15,ABI·주소·버전·환경 산출물 묶기,릴리스 manifest,BASE-04; BASE-05,D10; D19,J19,planned,,,
RELEASE-01.03,RELEASE-01,RELEASE,15,깨끗한 환경에서 재현 확인,재현 빌드 기록,BASE-04; BASE-05,D10; D19,J19,planned,,,
RELEASE-02.01,RELEASE-02,RELEASE,15,서비스·체인·작업 큐 상태 관측 연결,운영 지표/알림,OPS-03; INDEX-03; BASE-05,D19,J19,planned,,,
RELEASE-02.02,RELEASE-02,RELEASE,15,업무 DB·파일·Indexer 백업/복구 실행,복구 도구/런북,OPS-03; INDEX-03; BASE-05,D19,J19,planned,,,
RELEASE-02.03,RELEASE-02,RELEASE,15,장애 주입 후 사용자 상태·복구 대조,장애 복구 기록,OPS-03; INDEX-03; BASE-05,D19,J19,planned,,,
RELEASE-03.01,RELEASE-03,RELEASE,15,15개 요구와 실제 증거 연결,최종 인수 표,VERIFY-01; VERIFY-02; VERIFY-03; VERIFY-04; VERIFY-05; RELEASE-02,D19,J19,planned,,,
RELEASE-03.02,RELEASE-03,RELEASE,15,앱 설치·기기 배포·운영 절차 묶기,릴리스 패키지,VERIFY-01; VERIFY-02; VERIFY-03; VERIFY-04; VERIFY-05; RELEASE-02,D19,J19,planned,,,
RELEASE-03.03,RELEASE-03,RELEASE,15,잔여 결함과 수정 확인을 판정에 반영,인수 결과 기록,VERIFY-01; VERIFY-02; VERIFY-03; VERIFY-04; VERIFY-05; RELEASE-02,D19,J19,planned,,,
BASE-06.01,BASE-06,BASE,4; 8; 9; 10; 15,HW와 Cloud 지갑의 거래별 서명 요구 수집,거래/메시지/typed data/UserOperation 행렬,BASE-03,D03; D04; D11; D12; D15; D16,J01; J12; J16; J19,planned,,,
BASE-06.02,BASE-06,BASE,4; 8; 9; 10; 15,각 조합의 승인 화면과 signer 연결 지정,지원 조합별 연결 명세,BASE-03,D03; D04; D11; D12; D15; D16,J01; J12; J16; J19,planned,,,
BASE-06.03,BASE-06,BASE,4; 8; 9; 10; 15,필수 조합의 검증과 미지원 안내 구분,지원 행렬과 검증 ID,BASE-03,D03; D04; D11; D12; D15; D16,J01; J12; J16; J19,planned,,,
HW-07.01,HW-07,HW,1; 4; 8,서명·녹음·찾기·FOTA 동시 요청 허용표 작성,기기 자원 우선순위표,HW-05; OTA-01; REC-02; FIND-01,D05; D07,J02; J07; J08; J09,planned,,,
HW-07.02,HW-07,HW,1; 4; 8,busy/중지/재개를 앱과 기기에 구현,동작 중재 모듈,HW-05; OTA-01; REC-02; FIND-01,D05; D07,J02; J07; J08; J09,planned,,,
HW-07.03,HW-07,HW,1; 4; 8,동시 동작 시 버퍼·응답·전력 측정,공존 시험 결과,HW-05; OTA-01; REC-02; FIND-01,D05; D07,J02; J07; J08; J09,planned,,,
HW-07.04,HW-07,HW,1; 4; 8,폰 소유 연결과 키오스크 결제 연결의 공존/전환 처리,실기 연결 전환·복귀 시험,HW-05; OTA-01; REC-02; FIND-01,D05; D07,J02; J07; J08; J09,planned,,,
OTA-04.01,OTA-04,OTA,2; 8; 10,앱/펌웨어/BLE/키 저장 버전 행렬 작성,호환성 표,OTA-03; BASE-03; OPS-02,D05,J07,planned,,,
OTA-04.02,OTA-04,OTA,2; 8; 10,업데이트 대상 제한·배포 중지·철회 반영,릴리스 제어 API,OTA-03; BASE-03; OPS-02,D05,J07,planned,,,
OTA-04.03,OTA-04,OTA,2; 8; 10,저장 형식 변경·구버전 앱 접근 검증,호환/마이그레이션 시나리오,OTA-03; BASE-03; OPS-02,D05,J07,planned,,,
MPC-05.01,MPC-05,MPC,5; 6,참여자 timeout·거절·중단 상태 정의,서명 세션 상태 모델,MPC-03; PAY-02,D04,J01; J12,planned,,,
MPC-05.02,MPC-05,MPC,5; 6,중단 세션 폐기와 새 세션 정책 구현,재시도 처리기,MPC-03; PAY-02,D04,J01; J12,planned,,,
MPC-05.03,MPC-05,MPC,5; 6,임계값 미달·중복 콜백·오래된 응답 시험,장애 주입 시나리오,MPC-03; PAY-02,D04,J01; J12,planned,,,
SHOP-06.01,SHOP-06,SHOP,9,수취 주소 등록/변경 시 소유·권한 확인,주소 관리 승인 흐름,SHOP-01; SHOP-04; OPS-01,D08,J04; J05,planned,,,
SHOP-06.02,SHOP-06,SHOP,9,메뉴 권한과 자금 승인/서명 권한 구분,권한 행렬/API,SHOP-01; SHOP-04; OPS-01,D08,J04; J05,planned,,,
SHOP-06.03,SHOP-06,SHOP,9,기존 주문 주소 snapshot 유지·변경 감사,중요 설정 시험,SHOP-01; SHOP-04; OPS-01,D08,J04; J05,planned,,,
STAMP-04.01,STAMP-04,STAMP,3; 7; 8; 10; 14,미확정 거래·잔액·자격·위임 검사,반납 사전 점검 결과,STAMP-03; KEY-03; SMART-03; PAY-04,D03; D06; D09; D11,J06; J11,planned,,,
STAMP-04.02,STAMP-04,STAMP,3; 7; 8; 10; 14,기기에서 등록한 자격/위임과 기존 권한을 구분해 정리,반납 cleanup 절차,STAMP-03; KEY-03; SMART-03; PAY-04,D03; D06; D09; D11,J06; J11,planned,,,
STAMP-04.03,STAMP-04,STAMP,3; 7; 8; 10; 14,초기화 확인 후 재대여 허용,사용자 간 격리 시험,STAMP-03; KEY-03; SMART-03; PAY-04,D03; D06; D09; D11,J06; J11,planned,,,
STAMP-04.04,STAMP-04,STAMP,3; 7; 8; 10; 14,기기 신규 자격/위임과 기존 지갑의 권한을 구별해 정리,등록 출처별 권한 cleanup 목록,STAMP-03; KEY-03; SMART-03; PAY-04,D03; D06; D09; D11,J06; J11,planned,,,
INDEX-06.01,INDEX-06,INDEX,12,관측 추가/변경/철회에 버전·원인 부여,변경 이벤트 계약,INDEX-03; PAY-04; STAMP-01; TRIP-03,D08; D09; D17,J03; J05; J11; J13; J18,planned,,,
INDEX-06.02,INDEX-06,INDEX,12,주문·매출·스탬프·여행 소비자 갱신,재처리 가능한 projection,INDEX-03; PAY-04; STAMP-01; TRIP-03,D08; D09; D17,J03; J05; J11; J13; J18,planned,,,
INDEX-06.03,INDEX-06,INDEX,12,반복 전달·순서 변경·보정 후 집계 검증,종단 보정 시험,INDEX-03; PAY-04; STAMP-01; TRIP-03,D08; D09; D17,J03; J05; J11; J13; J18,planned,,,
PERP-06.01,PERP-06,PERP,11; 13,가격 갱신·펀딩·청산 실행 주체 구성,keeper/작업 설정,PERP-04; BASE-05,D13; D19,J15,planned,,,
PERP-06.02,PERP-06,PERP,11; 13,작업 고유키·재시도·실행 nonce 관리,실행 서비스,PERP-04; BASE-05,D13; D19,J15,planned,,,
PERP-06.03,PERP-06,PERP,11; 13,중단 감지·재시작·누락 구간 처리,실행 운영 기록,PERP-04; BASE-05,D13; D19,J15,planned,,,
TRIP-04.01,TRIP-04,TRIP,7; 14,주문·매장·장소·위치·후기 출처 연결,데이터 계보,TRIP-03; TRIP-02; REC-03; AUTH-04,D07; D17; D18; D19,J09; J18,planned,,,
TRIP-04.02,TRIP-04,TRIP,7; 14,수집/AI 사용 동의와 보관 정책 적용,동의/보관 API,TRIP-03; TRIP-02; REC-03; AUTH-04,D07; D17; D18; D19,J09; J18,planned,,,
TRIP-04.03,TRIP-04,TRIP,7; 14,원음·위치·후기 삭제/내보내기 전파,개인 데이터 처리 기록,TRIP-03; TRIP-02; REC-03; AUTH-04,D07; D17; D18; D19,J09; J18,planned,,,
