id,product,title,owner,startWeek,endWeek,effortDays,gate,dependsOn,decisions,evidence
WBS2-P01-00,P01,Board bring-up BR-01..BR-08,user,1,4,3,W4,-,N03,bring-up log with BR-01..BR-08 results
WBS2-P10-01,P10,EIP-712 schema and deterministic test vectors,user,1,2,3,W4,-,N04 N21,payment-protocol.schema.json and eip712-vectors.json
WBS2-P06-01,P06,Settlement contract core: depositFor settle nonce caps order uniqueness,user,1,3,4.5,W4,WBS2-P10-01,N07 N13,Foundry test report
WBS2-P06-02,P06,Testnet 8283 deploy and software-signer PaymentSettled,user,4,4,1,W4,WBS2-P06-01,N03 N08,finalized PaymentSettled log with shortened tx hash
WBS2-P06-03,P06,Merchant registry and payout change delay,user,5,6,3,W6,WBS2-P06-01,N05 N13,Foundry test report
WBS2-P10-02,P10,Vector conformance harness for firmware kiosk and contract,user,5,7,3,W6,WBS2-P10-01,N21,conformance run log
WBS2-P06-04,P06,Delayed withdrawal and closeAccount,user,7,8,3,W8,WBS2-P06-03,N07 N11,Foundry test report
WBS2-P06-05,P06,Contract hardening and finality observation,user,9,10,4,-,WBS2-P06-04,N08,review notes and 1-hour finality poll log
WBS2-P10-03,P10,Week-12 acceptance log and evidence redaction,user,11,12,4,-,WBS2-P06-05,N16 N18,week12-log.md with sha256 checksums
WBS2-P01-01,P01,Zephyr app skeleton buttons and merchant display,role A,1,2,4,W4,-,N09,build and flash log with display photo
WBS2-P01-02,P01,TRNG key generation TF-M sealing and PIN,role A,2,3,4,W4,WBS2-P01-01,N02 N11 N14,key lifecycle test log
WBS2-P01-03,P01,BLE GATT service LESC and message reassembly,role A,3,5,4.5,W6,WBS2-P01-01,N09,pairing and reassembly log
WBS2-P01-04,P01,EIP-712 signing attestation and TimeAnchor checks and refusal codes,role A,5,6,5,W6,WBS2-P01-02 WBS2-P10-01,N04 N05 N06 N22,vector conformance and refusal log
WBS2-P01-05,P01,External secure element integration,role A,7,9,6,W8,WBS2-P01-02,N02,SE sign log
WBS2-P01-06,P01,NFC handover with BLE scan fallback,role A,9,9,1.5,-,WBS2-P01-03,N09,handover log
WBS2-P01-07,P01,MCUboot signed image and AP-Protect lock,role A,10,10,3,-,WBS2-P01-01,N12,unsigned image rejection log
WBS2-P01-08,P01,Security checks and stabilization for W12,role A,11,12,5,-,WBS2-P01-05,N18,W12 security item evidence
WBS2-P05-01,P05,Foundry scripts for merchant registration and attestation,role B,1,3,3,W4,-,N05 N20,script run log
WBS2-P04-01,P04,RN kiosk skeleton order entry and BLE central,role B,2,5,5.5,W6,-,N09 N10,kiosk build and BLE connect log
WBS2-P05-02,P05,Provisioning depositFor TimeAnchor and return closeAccount,role B,5,7,4,W6,WBS2-P05-01 WBS2-P06-01,N06 N11 N20,provisioning run log
WBS2-P04-02,P04,Submission eth_call simulation gas balance timeout and Checking,role B,6,8,5,W8,WBS2-P04-01,N08 N10 N22,submission test log
WBS2-P07-01,P07,Minimal PaymentSettled indexer and receipt lookup,role B,9,10,5,-,WBS2-P04-02,N19,receipt lookup log
WBS2-P04-03,P04,W12 rehearsal 20 consecutive payments and 8 refusal demos,role B,11,12,6,-,WBS2-P04-02,N18 N22,rehearsal log
