wbs_id,product_id,product,work_package,detail,task_refs,priority,stream,start_week,end_week,predecessors,milestone,completion_evidence,status,assignee,actual_start,actual_end,evidence_links,blocker
WBS-P01-01,P01,NU-54V-DK 펌웨어·주변 부품,실기기 bring-up과 자원 기준선,"보드 리비전·핀·SDK·Zephyr target을 확인하고 빌드/플래시, Flash/RAM, 기본 LED·버튼·로그·BLE 기준선을 측정한다.",HW-01,C0,기기,1,1,-,M0,"실물 사진, 재현 빌드/플래시 로그, pin·Flash·RAM 보고서",planned,,,,,
WBS-P01-02,P01,NU-54V-DK 펌웨어·주변 부품,보호 키와 HW 지갑 수명주기,secure service에서 키 생성·보관·주소·서명·초기화와 zeroization을 구현한다.,HW-02,C0,기기,1,3,WBS-P01-01 WBS-P10-01,M2,"실기기 생성/초기화/서명, 키 비반출·잘못된 요청 거절 증거",planned,,,,,
WBS-P01-03,P01,NU-54V-DK 펌웨어·주변 부품,인증 BLE 등록과 세션,"기기 등록, SAS 확인, 인증 세션, envelope·재연결·만료 처리를 구현한다.",HW-03,C0,기기,1,2,WBS-P01-01 WBS-P10-01,M1,S25에서 등록·재연결·오류/만료 재현 로그,planned,,,,,
WBS-P01-04,P01,NU-54V-DK 펌웨어·주변 부품,지갑 import와 기기 설정,앱에서 mnemonic/private key를 암호화 전송하고 기기 표시 확인·취소·재시도·민감정보 제거를 구현한다.,HW-04,C1,기기,2,3,WBS-P01-02 WBS-P01-03 WBS-P02-01,M2,"SAS 일치/불일치, import 성공·취소, 로그/메모리 정리 증거",planned,,,,,
WBS-P01-05,P01,NU-54V-DK 펌웨어·주변 부품,결제 표시·물리 승인·EOA 서명,매장·금액·체인·수신처를 표시하고 버튼 승인/거절 후 EOA 거래를 서명한다.,HW-05,C1,기기,2,4,WBS-P01-02 WBS-P01-03 WBS-P06-01,M2,"기기 표시값과 tx intent 일치, 승인/거절, 테스트넷 거래 해시",planned,,,,,
WBS-P01-06,P01,NU-54V-DK 펌웨어·주변 부품,근접 모듈과 결제 세션,외부 peer 거리 신호를 보조 정보로 연결하고 unknown·이탈·연결 끊김을 결제 세션에 반영한다.,HW-06,C2,기기,3,5,WBS-P01-03 WBS-P04-03,M3,실측 거리/상태 로그와 근접값 단독 승인 금지 증거,planned,,,,,
WBS-P01-07,P01,NU-54V-DK 펌웨어·주변 부품,FOTA 부트·패키지 기반,"MCUboot 슬롯, 서명 이미지, trial/confirm/rollback과 배포 메타데이터를 구성한다.",OTA-01 OTA-02,C1,기기,2,4,WBS-P01-01 WBS-P10-03,M2,"정상/변조 이미지, trial boot, rollback, 버전 manifest",planned,,,,,
WBS-P01-08,P01,NU-54V-DK 펌웨어·주변 부품,앱 FOTA와 호환 복구,BLE 전송·진행률·재연결·중단 복구와 앱/프로토콜/키 저장 호환을 구현한다.,OTA-03 OTA-04,C1,기기,4,6,WBS-P01-07 WBS-P02-01,M3,실기기 업데이트·전원/통신 중단·키/설정 보존 증거,planned,,,,,
WBS-P01-09,P01,NU-54V-DK 펌웨어·주변 부품,패스키 등록·인증·해제,"통제 RP에서 CTAP 등록/인증, 물리 presence·PIN verification, 분실/반납 삭제를 연결한다.",KEY-01 KEY-02 KEY-03,C2,기기,3,6,WBS-P01-02 WBS-P01-03 WBS-P02-02,M3,S25/Chrome RP 등록·인증·실패·해제 증거,planned,,,,,
WBS-P01-10,P01,NU-54V-DK 펌웨어·주변 부품,녹음 전송과 기기 찾기,버튼 녹음·PCM frame·BLE gap 복구·폰 저장과 RSSI/버저 찾기·끊김 안내를 구현한다.,REC-01 REC-02 FIND-01 FIND-02,C2,기기,3,6,WBS-P01-03 WBS-P02-01,M3,30분 녹음/재생·sequence/CRC·찾기 연결/단절 증거,planned,,,,,
WBS-P01-11,P01,NU-54V-DK 펌웨어·주변 부품,동시 동작과 자원 중재,서명·import·FOTA·녹음·찾기·스탬프의 배타/동시 규칙과 메모리·전력 경합을 처리한다.,HW-07,C2,기기,5,7,WBS-P01-05 WBS-P01-08 WBS-P01-09 WBS-P01-10,M4,"기능 조합별 허용/거절, crash/reboot, 배터리·자원 측정",planned,,,,,
WBS-P02-01,P02,유저 앱·소셜 로그인·기기 설정,앱 골격·계정·권한 기반,"RN 앱 탐색, 한/영, 권한, 계정·매장 소속·역할 서버와 오류/재시작 상태를 구성한다.",APP-01 AUTH-01,C0,앱·운영,1,2,WBS-P10-01 WBS-P10-02,M1,"S25 설치 빌드, 로그인 전/후 탐색, 역할 거부와 재시작 증거",planned,,,,,
WBS-P02-02,P02,유저 앱·소셜 로그인·기기 설정,Google·Apple 계정 수명주기,두 OIDC 제공자의 가입·로그인·연결·로그아웃·탈퇴·중복 계정을 구현한다.,AUTH-02 AUTH-03 AUTH-04,C1,앱·운영,1,4,WBS-P02-01,M2,"Google/Apple 실제 callback, token revocation, 계정 연결/탈퇴 증거",planned,,,,,
WBS-P02-03,P02,유저 앱·소셜 로그인·기기 설정,두 지갑·자산 선택 경험,HW/Cloud 주소·잔액·가스·선택 signer를 분리해 표시하고 기기 상태를 연결한다.,APP-02,C1,앱·운영,2,4,WBS-P02-01 WBS-P01-04 WBS-P03-02,M2,"두 주소/잔액 분리, 선택 signer와 승인 주체 표시",planned,,,,,
WBS-P02-04,P02,유저 앱·소셜 로그인·기기 설정,송금·견적·승인·영수증 공통 UI,"송금/결제 intent, pending/unknown/result 조회, 개인 결제·영수증·환불 기록을 공통 흐름으로 구현한다.",APP-03 APP-04,C1,앱·운영,2,5,WBS-P02-03 WBS-P04-03 WBS-P07-02,M3,"실거래 상태 재조회, 응답 유실 복구, 개인 이력/영수증 증거",planned,,,,,
WBS-P03-01,P03,Cloud MPC Wallet,MPC 도입·신뢰·복구 기준선,"2-of-3 참여자, 독립 KMS, 모바일 approval, 복구 custodian과 라이브러리 실행 경로를 검증한다.",MPC-01,C0,체인·데이터,1,2,WBS-P10-02,M1,"선택 revision, threat boundary, 참여자 격리·실행 spike",planned,,,,,
WBS-P03-02,P03,Cloud MPC Wallet,분산 키 생성과 계정 연결,DKG·주소 생성과 소셜 계정/모바일 승인키 바인딩을 구현한다.,MPC-02,C1,체인·데이터,2,4,WBS-P03-01 WBS-P02-02,M2,"전체키 재조립 없는 DKG, 주소·epoch·계정 연결 증거",planned,,,,,
WBS-P03-03,P03,Cloud MPC Wallet,MPC 승인·서명·결과,모바일 별도 승인 후 threshold 서명과 테스트넷 제출·결과 조회를 앱에 연결한다.,MPC-03,C1,체인·데이터,3,5,WBS-P03-02 WBS-P02-04 WBS-P07-03,M3,"A/B threshold 서명, 모바일 승인 거부, tx/Indexer 결과",planned,,,,,
WBS-P03-04,P03,Cloud MPC Wallet,복구·refresh·참여자 장애,"기기 변경, share refresh/회전/철회, A/C 복구와 중단 세션·quorum 상실을 처리한다.",MPC-04 MPC-05,C2,체인·데이터,5,8,WBS-P03-03 WBS-P05-01,M4,"old epoch 거절, 참여자 장애·timeout/unknown·독립 복구 감사",planned,,,,,
WBS-P04-01,P04,RN 키오스크·매장 운영,태블릿·매장·메뉴·주문 기반,"Android RN 키오스크, 매장 가입/로그인, 관리 모드, 메뉴·가격·품절·장바구니·주문을 구현한다.",SHOP-01 SHOP-02,C0,앱·운영,1,3,WBS-P02-01 WBS-P10-01,M2,"태블릿 설치, 매장 격리, 메뉴→주문 snapshot 증거",planned,,,,,
WBS-P04-02,P04,RN 키오스크·매장 운영,EOA 견적·제출·주문 연결,"환율·수수료·만료 견적, 서명 요청, 제출/재시도와 주문 payment attempt를 연결한다.",PAY-01 PAY-02 PAY-03,C1,체인·데이터,2,4,WBS-P06-01 WBS-P01-05 WBS-P07-02,M2,"quote TTL/rounding, 멱등 제출, 주문·attempt·tx 연결",planned,,,,,
WBS-P04-03,P04,RN 키오스크·매장 운영,입금 대사와 NU 수직 결제,Indexer 관측·2 block 확정·payment allocation과 키오스크 BLE 승인/영수증을 한 흐름으로 연결한다.,PAY-04 PAY-05 SHOP-03,C1,공동 통합,3,5,WBS-P04-01 WBS-P04-02 WBS-P07-03,M2,NU 승인→StableNet→Indexer→paid→영수증 종단 증거,planned,,,,,
WBS-P04-04,P04,RN 키오스크·매장 운영,점주 환불 수명주기,원 결제·권한·서명자를 확인하고 부분/전체 환불의 제출·확정·오류를 구현한다.,SHOP-04,C2,앱·운영,4,6,WBS-P04-03 WBS-P06-01,M3,"무권한 거절, 부분 환불, 응답 유실/지연 결과 재조회",planned,,,,,
WBS-P04-05,P04,RN 키오스크·매장 운영,매출·정산·수취 권한,매출·수취·환불·정산 대조와 수취 주소 변경/환불 signer 권한 분리를 구현한다.,SHOP-05 SHOP-06,C2,앱·운영,5,8,WBS-P04-04 WBS-P05-01 WBS-P07-05,M4,"일 마감/보정, 주소 변경 승인, 점주 역할별 조회·서명 거절",planned,,,,,
WBS-P05-01,P05,백오피스·대여·운영 신뢰,운영자 권한·감사·관리 골격,가맹점·계정·기기·거래를 역할별로 조회/관리하고 typed command·audit를 남긴다.,OPS-01,C1,앱·운영,2,4,WBS-P02-01 WBS-P10-01,M2,"역할별 허용/거절, append-only 감사, 원 결과 조회",planned,,,,,
WBS-P05-02,P05,백오피스·대여·운영 신뢰,가맹점·대여·FOTA 운영,"가맹점 승인, 기기 대여/반납, 잔액 회수·접근 해제, FOTA campaign을 연결한다.",OPS-02 STAMP-03,C2,앱·운영,4,7,WBS-P05-01 WBS-P01-08 WBS-P04-03,M4,"대여→지급→반납, import/new 지갑 분기, staged FOTA 증거",planned,,,,,
WBS-P05-03,P05,백오피스·대여·운영 신뢰,반납 후 권한·늦은 효과 정리,"미확정 거래, passkey, DID/스마트 계정, BLE 권한과 복구 package 확인 후 재대여 gate를 처리한다.",STAMP-04,C2,공동 통합,6,8,WBS-P05-02 WBS-P01-09 WBS-P06-02,M4,"늦은 자산/unknown 거래, 권한 철회, reset hold·재대여 조건 증거",planned,,,,,
WBS-P05-04,P05,백오피스·대여·운영 신뢰,결제 예외·Indexer 지연·대사,부분/초과/중복/지연 지급과 reorg·Indexer stale을 대사 queue와 운영 화면에서 처리한다.,OPS-03,C2,앱·운영,5,8,WBS-P05-01 WBS-P04-03 WBS-P07-04,M4,예외 분류·재처리 멱등성·수동 결정 audit와 보정 증거,planned,,,,,
WBS-P06-01,P06,StableNet 토큰·스마트계정·자격·x402,네트워크·dummy USDC·WKRC 기반,"chain 8283, 단위·가스·주소 gate와 dummy USDC 배포/권한, WKRC/native·wrapped 경계를 구성한다.",TOKEN-01 TOKEN-02 TOKEN-03,C0,체인·데이터,1,3,WBS-P10-02,M2,"배포 manifest, address/codeHash/ABI/block, 단위·가스 golden vector",planned,,,,,
WBS-P06-02,P06,StableNet 토큰·스마트계정·자격·x402,EOA→스마트 계정 전환,"Kernel/ERC-7579·ERC-4337 stack, Bundler와 별도 주소·사용자 선택 전환·앱 결과를 구현한다.",SMART-01 SMART-02 SMART-03,C2,체인·데이터,4,7,WBS-P04-03 WBS-P06-01 WBS-P07-03,M4,"UserOp 실행, EOA/SA 주소·자산 분리, 내부 실패·allowance 표시",planned,,,,,
WBS-P06-03,P06,StableNet 토큰·스마트계정·자격·x402,DID 자격 발급·검증·철회,"did:web issuer, did:key holder, VC 발급/제시/검증/상태 철회와 앱 자격 관리를 구현한다.",DID-01 DID-02 DID-03,C2,체인·데이터,4,7,WBS-P02-04 WBS-P06-01,M4,발급·제시·current status·철회 경쟁·앱 결과 증거,planned,,,,,
WBS-P06-04,P06,StableNet 토큰·스마트계정·자격·x402,제한형 CafePass 테스트 발행물,DID 자격 기반 발행·보유·전송 제한과 앱 결과를 구현한다.,STO-01 STO-02 STO-03,C2,체인·데이터,5,8,WBS-P06-03 WBS-P07-04,M4,"적격/부적격 transfer, 철회 후 거절, 권리 없음 표시",planned,,,,,
WBS-P06-05,P06,StableNet 토큰·스마트계정·자격·x402,x402 유료 AI 코스,"402 challenge, EIP-3009 승인·지급 검증, entitlement·재조회·공급 실패 환불과 앱 사용 흐름을 구현한다.",X402-01 X402-02 X402-03,C2,체인·데이터,5,8,WBS-P06-01 WBS-P07-04 WBS-P09-04,M4,"1 dUSDC 지급, 중복 재시도 1효과, 결과 재조회/실패 환불",planned,,,,,
WBS-P07-01,P07,Indexer·조회 프런트엔드,체인·배포 계약 등록,StableNet RPC와 활성 deployment registry를 indexer source로 구성한다.,INDEX-01,C0,체인·데이터,1,2,WBS-P10-02,M1,"RPC capability, 등록/미등록 주소 gate, source revision",planned,,,,,
WBS-P07-02,P07,Indexer·조회 프런트엔드,SDK·조회 schema 정합화,"기존 SDK/Indexer 요청·응답, 정수 금액, 이벤트 변환과 typed reader를 맞춘다.",INDEX-02,C0,체인·데이터,1,3,WBS-P07-01,M2,"contract tests, amount/unit golden vector, 오류 schema",planned,,,,,
WBS-P07-03,P07,Indexer·조회 프런트엔드,canonical ingest·backfill·reorg,"cursor, raw block/log, 중복 제거, 2-block confirmation, backfill과 reorg rollback을 구현한다.",INDEX-03,C0,체인·데이터,2,4,WBS-P07-01 WBS-P06-01,M2,"중복/reorg fixture, 재시작 cursor, full backfill 결과",planned,,,,,
WBS-P07-04,P07,Indexer·조회 프런트엔드,확장 계약 decoder·projection,스마트계정·DEX·FX·Perp·STO·DID·x402 ABI와 versioned projection을 등록한다.,INDEX-04,C2,체인·데이터,4,8,WBS-P07-03 WBS-P06-02 WBS-P06-03,M4,"구/신 decoder 공존, quarantine, 계약별 이벤트/조회 증거",planned,,,,,
WBS-P07-05,P07,Indexer·조회 프런트엔드,앱 조회·탐색기·상태 관측,"거래 상세, confirmation/reorg/stale, explorer link와 권한 안전 reader를 앱에 제공한다.",INDEX-05,C1,체인·데이터,3,8,WBS-P07-02 WBS-P07-03 WBS-P02-04,M4,"앱 실제 조회, stale/unknown 표시, cursor generation 거절",planned,,,,,
WBS-P07-06,P07,Indexer·조회 프런트엔드,원장·혜택·여행 보정 전파,관측 변경을 결제 원장·매출·스탬프·verified review·추천 입력에 멱등 보정한다.,INDEX-06,C2,공동 통합,6,9,WBS-P07-04 WBS-P07-05 WBS-P05-04 WBS-P09-03,M5,reorg/decoder 보정 후 업무·혜택·여행 projection 일치,planned,,,,,
WBS-P08-01,P08,DEX·FX·Perpetual 서비스,AMM 상품·pool·swap/LP 실행,"dummy USDC/WKRC pool, quote·slippage·allowance, swap과 유동성 공급/회수를 구현한다.",DEX-01 DEX-02,C2,체인·데이터,4,6,WBS-P06-01,M3,integer/rounding·stale quote·slippage·LP 실행 증거,planned,,,,,
WBS-P08-02,P08,DEX·FX·Perpetual 서비스,DEX 앱 경험,견적·승인·swap/LP·이력과 pending/revert/reorg 상태를 앱에 연결한다.,DEX-03,C2,앱·운영,5,8,WBS-P08-01 WBS-P02-04 WBS-P07-05,M4,앱 입력→서명→실행→Indexer 결과 종단 증거,planned,,,,,
WBS-P08-03,P08,DEX·FX·Perpetual 서비스,TEST FX 모델·교환 서비스,"지정 통화 쌍, 가격 snapshot과 TEST FX 표시, 교환 실행을 구성한다.",FX-01 FX-02,C2,체인·데이터,5,7,WBS-P08-01,M4,가격 근거·만료·교환 수량과 pool 효과 증거,planned,,,,,
WBS-P08-04,P08,DEX·FX·Perpetual 서비스,FX 앱 경험,FX 견적·승인·교환·기록과 만료/재견적을 앱에 연결한다.,FX-03,C2,앱·운영,6,8,WBS-P08-03 WBS-P02-04,M4,앱 견적→사용자 재승인→교환→이력 증거,planned,,,,,
WBS-P08-05,P08,DEX·FX·Perpetual 서비스,Perpetual 시장·오라클 기준,"TEST BTC/WKRC 시장, margin/leverage/funding/liquidation과 signed oracle stale guard를 구현한다.",PERP-01 PERP-02,C2,체인·데이터,4,6,WBS-P06-01,M3,"위험 golden vector, oracle age/stale 거절 증거",planned,,,,,
WBS-P08-06,P08,DEX·FX·Perpetual 서비스,포지션·펀딩·청산 실행,"포지션 개설/축소/종료, funding, liquidation keeper lease와 중복/장애 복구를 구현한다.",PERP-03 PERP-04 PERP-06,C2,체인·데이터,5,8,WBS-P08-05,M4,"3배/증거금 경계, funding, 단일 청산 효과, keeper 복구",planned,,,,,
WBS-P08-07,P08,DEX·FX·Perpetual 서비스,Perpetual 앱 경험,시장·주문·포지션·PnL·펀딩·청산 이력과 실패 상태를 앱에 연결한다.,PERP-05,C2,앱·운영,6,8,WBS-P08-06 WBS-P02-04 WBS-P07-05,M4,앱 실제 포지션 수명주기와 Indexer 결과 증거,planned,,,,,
WBS-P09-01,P09,여행·기록·추천·혜택,전사·AI 회의 기록,폰에 저장된 음성을 전사·요약하고 원음/텍스트/결과 내보내기·삭제를 연결한다.,REC-03,C2,앱·운영,4,7,WBS-P01-10 WBS-P02-01,M4,"audio manifest→전사→요약 연결, 공급자 실패·삭제 fanout 증거",planned,,,,,
WBS-P09-02,P09,여행·기록·추천·혜택,장소 검색·verified 후기,"Kakao 장소, 위치 권한, 맛집 검색과 결제 출처가 있는 후기/노출 정책을 구현한다.",TRIP-01 TRIP-02,C2,앱·운영,3,6,WBS-P02-01 WBS-P04-03,M3,"권한 허용/거절, place snapshot, verified/일반 후기 구분",planned,,,,,
WBS-P09-03,P09,여행·기록·추천·혜택,여행 모드·발자취·데이터 수명주기,"결제/위치 발자취, session·배경 동의, 장소 식별·보관·삭제를 구현한다.",TRIP-03 TRIP-04,C2,앱·운영,4,8,WBS-P09-02 WBS-P02-04 WBS-P07-05,M4,"여행 session, 100m/5분 규칙, 동의 철회·삭제/restore seal",planned,,,,,
WBS-P09-04,P09,여행·기록·추천·혜택,근거 있는 AI 코스,"결제·후기·위치 입력, 코스 제약/평가 corpus와 생성·근거·수정·저장/apply를 구현한다.",AI-01 AI-02,C2,앱·운영,5,8,WBS-P09-02 WBS-P09-03,M4,"20개 평가 corpus, 존재 장소/근거, user apply revision",planned,,,,,
WBS-P09-05,P09,여행·기록·추천·혜택,챌린지·스탬프·보상,"따라하기 방문/결제 증명과 스탬프 발급·사용·취소 원장, 앱·기기 표시를 구현한다.",AI-03 STAMP-01 STAMP-02,C2,공동 통합,6,9,WBS-P09-04 WBS-P04-03 WBS-P07-06,M5,"중복 발급 금지, 환불 debt, 챌린지 완료/미완료·기기 표시",planned,,,,,
WBS-P10-01,P10,공통 기반·검증·릴리스 도구,요구·데이터·연결 계약 기준선,15개 요구를 화면/시나리오에 연결하고 공통 ID·상태·HTTP/BLE envelope를 runtime 작업으로 고정한다.,BASE-01 BASE-02 BASE-03,C0,공동 통합,1,2,-,M1,"계약 예제, 상태/권한/멱등성 contract test와 소비자 확인",planned,,,,,
WBS-P10-02,P10,공통 기반·검증·릴리스 도구,재사용·환경·지원 행렬,"기존 네 저장소 차이, secretRef 환경, 보존 정책과 두 지갑/기능/서명 지원 행렬을 고정한다.",BASE-04 BASE-05 BASE-06,C0,공동 통합,1,2,WBS-P10-01,M1,"pinned revision, 호환 gap, 비밀 없는 환경 manifest, 지원/거절표",planned,,,,,
WBS-P10-03,P10,공통 기반·검증·릴리스 도구,CI·재현 빌드·시험 도구,펌웨어·앱·서비스·계약·Indexer 재현 빌드와 fixture/배포 manifest 검사기를 구성한다.,RELEASE-01,C0,공동 통합,1,3,WBS-P10-02,M2,"clean build, artifact digest, CI 결과, synthetic fixture 실행",planned,,,,,
WBS-P10-04,P10,공통 기반·검증·릴리스 도구,두 지갑·기기 수용 시험,소셜/Cloud MPC/대여와 지갑·FOTA·패스키·녹음·찾기의 정상/실패/공존 시험을 수행한다.,VERIFY-01 VERIFY-02,C3,공동 통합,8,11,WBS-P01-11 WBS-P02-04 WBS-P03-04 WBS-P05-03,M6,"실기기/실계정 수용 결과, 실패·복구 로그, 교차 검토",planned,,,,,
WBS-P10-05,P10,공통 기반·검증·릴리스 도구,매장·온체인·여행 수용 시험,"매장/환불/정산/운영, 9개 온체인 영역·DEX, 여행/혜택을 종단 시험한다.",VERIFY-03 VERIFY-04 VERIFY-05,C3,공동 통합,8,11,WBS-P04-05 WBS-P06-05 WBS-P08-07 WBS-P09-05 WBS-P07-06,M6,카페·테스트넷·앱 정상/실패/복구 evidence index,planned,,,,,
WBS-P10-06,P10,공통 기반·검증·릴리스 도구,관측·백업·릴리스·인수,"RPO/RTO 복구, 관측/경보, release/rollback과 전체 증거·설치·운영 인수를 마친다.",RELEASE-02 RELEASE-03,C3,공동 통합,10,12,WBS-P10-04 WBS-P10-05,M7,"복구 drill, release manifest, 운영 runbook, 15요구 evidence index",planned,,,,,
