id,epic,title,requirements,phase,deliverable,acceptanceCriteria,dependsOn,decisionInputs,integrationSurface,reuseBasis,validationEnvironment,scenarioRefs,status,owner,effortEstimate,dueDate,evidence,estimationReady
BASE-01,BASE,15개 요구사항을 기능 시나리오와 화면으로 연결,4; 8; 9; 10; 15,기반,요구사항-행위자-화면-완료 증거 지도,15개 모두 사용자 시작/결과 화면 지정; 중복 4·8의 책임 구분,,D01; D02,전체 제품,기존 검토 문서·네 저장소,명세/예제 대조,J19,planned,,,,,False
BASE-02,BASE,공통 데이터·식별자·상태 정의,4; 8; 9; 10; 15,기반,계정/지갑/매장/기기/대여/주문/거래 모델,주소와 로그인 계정 구별; 주문·지급·환불 상태 별도,BASE-01,D02; D08; D09,전체 제품,기존 검토 문서·네 저장소,명세/예제 대조,J19,planned,,,,,False
BASE-03,BASE,앱·서비스·기기 연결 규칙 작성,4; 8; 9; 10; 15,기반,API/BLE 메시지·오류·버전 예제,정상·거절·만료·재연결 예제; 키가 일반 API 로그에 포함되지 않음,BASE-02,D02; D03,전체 제품,기존 검토 문서·네 저장소,명세/예제 대조,J19,planned,,,,,False
BASE-04,BASE,기존 코드 호환성 차이를 수정 작업으로 확정,4; 8; 9; 10; 15,기반,저장소/커밋·ABI·API 변경 목록,SDK–Indexer 및 AA 형식 차이를 재현 입력에 연결; mock/실제 경로 구분,BASE-03,D10,전체 제품,기존 검토 문서·네 저장소,명세/예제 대조,J19,planned,,,,,False
BASE-05,BASE,실행 환경·데이터 보존·비밀 설정 구성,4; 8; 9; 10; 15,기반,환경/DB/파일 저장·접근 설정,개발/시연 값 분리; 재시작 후 업무 데이터 유지; 실제 비밀 없는 설정 예제,BASE-02,D10; D19,전체 제품,기존 검토 문서·네 저장소,명세/예제 대조,J19,planned,,,,,False
AUTH-01,AUTH,계정·매장 소속·역할 서버 구현,5; 6; 9; 10,기반,계정/소속/권한 API와 저장 모델,다른 매장 접근 거절; 개인 지갑과 매장 관리 권한 분리,BASE-02; BASE-05,D02,유저 앱·키오스크·백오피스,신규/기존 계정 코드 재검토,실제 대상 앱·서비스와 역할별 시험 계정,J01; J04,planned,,,,,False
AUTH-02,AUTH,Google 로그인 앱·서버 연결,5; 6; 9; 10,기반,실제 Google 인증 흐름,가입·재로그인·취소·만료 처리; 서버에서 제공자 증명 검증,AUTH-01; APP-01,D01,유저 앱·키오스크·백오피스,신규/기존 계정 코드 재검토,실제 대상 앱·서비스와 역할별 시험 계정,J01; J04,planned,,,,,False
AUTH-03,AUTH,Apple 로그인 앱·서버 연결,5; 6; 9; 10,기반,실제 Apple 인증 흐름,가입·재로그인·취소·만료 처리; 제공자 식별자 기반 계정 연결,AUTH-01; APP-01,D01,유저 앱·키오스크·백오피스,신규/기존 계정 코드 재검토,실제 대상 앱·서비스와 역할별 시험 계정,J01; J04,planned,,,,,False
AUTH-04,AUTH,계정 연결·로그아웃·탈퇴 정책 구현,5; 6; 9; 10,기반,계정 수명주기 화면/API,Google/Apple 중복 연결 정책 적용; 탈퇴와 지갑 자산/복구 관계 표시,AUTH-02; AUTH-03,D03; D04; D19,유저 앱·키오스크·백오피스,신규/기존 계정 코드 재검토,실제 대상 앱·서비스와 역할별 시험 계정,J01; J04,planned,,,,,False
APP-01,APP,유저 앱 실행·탐색·권한 골격 구성,4; 7; 8,기반,설치 가능한 앱과 공통 화면/상태,실제 대상 폰 설치; 오프라인·로딩·오류·재시작 구분,BASE-01; BASE-05,D01,유저 앱,poc-platform 화면·순수 TS 로직 선별 재사용,실제 대상 앱·서비스와 역할별 시험 계정,J01,planned,,,,,False
APP-02,APP,기기 지갑·Cloud Wallet 선택과 자산 화면,4; 7; 8,기반,현재 지갑/주소/잔액/네트워크 UI,두 주소·키 책임 혼동 없음; 네이티브 가스와 결제 토큰 잔액 구분; 점주 로그인 시 소속 매장 지갑 자산 조회; 개인 자산/서명 권한과 구분,APP-01; BASE-03; INDEX-02,D03,유저 앱,poc-platform 화면·순수 TS 로직 선별 재사용,실제 대상 앱·서비스와 역할별 시험 계정,J01; J04,planned,,,,,False
APP-03,APP,송금·견적·승인·거래 결과 공통 UI,4; 7; 8,기반,EOA/MPC/DApp에서 재사용할 거래 컴포넌트,정수 금액과 표시 단위 일치; 승인 전 수취인/체인/가스 상한 확인,APP-02; PAY-01,D08,유저 앱,poc-platform 화면·순수 TS 로직 선별 재사용,실제 대상 앱·서비스와 역할별 시험 계정,J01,planned,,,,,False
APP-04,APP,개인 결제·영수증·환불 기록 연결,4; 7; 8,기반,필터/상세/진행 상태 화면,실제 주문과 지급·환불 연결; 상태 불명확을 성공으로 표시하지 않음,APP-01; PAY-04; SHOP-04,D08; D17,유저 앱,poc-platform 화면·순수 TS 로직 선별 재사용,실제 대상 앱·서비스와 역할별 시험 계정,J01; J03; J05,planned,,,,,False
HW-01,HW,보드·부품·SDK 빌드와 자원 측정,1; 4; 8,핵심 구현,재현 가능한 보드 빌드/부품·메모리 기록; Zephyr 기반 NU 보드 빌드 기준과 선택 SDK/Zephyr revision manifest,실제 NU 부팅·버튼/화면 확인; FOTA/녹음 공존 자원 기록; 펌웨어 RTOS는 Zephyr; SDK 배포판/보드 target/정확한 버전과 실제 부팅 증거를 구분하여 기록,BASE-01,D05; D07,유저 앱·키오스크·NU 화면,별도 NU 펌웨어·SDK signer 접점,실제 NU 기기 + 대상 앱,J02,planned,,,,,False
HW-02,HW,키 저장·생성·주소·초기화 구현,1; 4; 8,핵심 구현,기기 지갑 수명주기 펌웨어,기기 생성 주소 검증; 재부팅 유지; 초기화 뒤 이전 키 사용 불가,HW-01,D03,유저 앱·키오스크·NU 화면,별도 NU 펌웨어·SDK signer 접점,실제 NU 기기 + 대상 앱,J02,planned,,,,,False
HW-03,HW,인증된 BLE 세션·기기 등록 구현,1; 4; 8,핵심 구현,기기/앱 연결 모듈,올바른 기기 확인; 미인증 요청·재전송 거절; 끊김/재연결 상태 표시; 소유 앱과 임시 매장 세션 권한 구분; 키오스크 설정/import 접근 차단,HW-01; BASE-03; APP-01,D02; D03,유저 앱·키오스크·NU 화면,별도 NU 펌웨어·SDK signer 접점,실제 NU 기기 + 대상 앱,J02,planned,,,,,False
HW-04,HW,앱에서 키 가져오기·설정 연결,1; 4; 8,핵심 구현,암호화 import·설정 화면/펌웨어,기존 키로 예상 주소 도출; 실패 시 상태 보존; 키가 일반 저장/로그에 남지 않음,HW-02; HW-03,D03,유저 앱·키오스크·NU 화면,별도 NU 펌웨어·SDK signer 접점,실제 NU 기기 + 대상 앱,J02,planned,,,,,False
HW-05,HW,기기 결제 표시·승인·EOA 서명 구현,1; 4; 8,핵심 구현,NU signer 어댑터와 기기 승인 UI,표시 내용과 서명 거래 일치; 거절·잘못된 chain ID·요청 변경 처리,HW-02; HW-03; PAY-01,D03; D08,유저 앱·키오스크·NU 화면,별도 NU 펌웨어·SDK signer 접점,실제 NU 기기 + 대상 앱,J02; J03,planned,,,,,False
HW-06,HW,근접 측정 모듈·세션 승인 연결,1; 4; 8,핵심 구현,보유 모듈 연결과 근접 판정,실제 보드/모듈 측정; 근접 결과를 요청/세션에 연결; 서명 이후 단절은 거래 취소로 표시하지 않음,HW-03; HW-05,D07; D08,유저 앱·키오스크·NU 화면,별도 NU 펌웨어·SDK signer 접점,실제 NU 기기 + 대상 앱,J02; J03; J10,planned,,,,,False
OTA-01,OTA,업데이트 이미지·부트·복구 경로 검증,2; 8; 10,핵심 구현,실제 보드 부트/FOTA 기술 검증 기록,목표 이미지 수용; 중단 뒤 재부팅 경로 확인; 키 보존 정책 제시,HW-01,D05,앱 업데이트·운영 배포 화면,신규 보드 부트/업데이트 경로,실제 NU 기기 + 대상 앱,J07,planned,,,,,False
OTA-02,OTA,서명된 업데이트 패키지·배포 메타데이터,2; 8; 10,핵심 구현,펌웨어 패키징/버전 도구,손상·허용하지 않은 이미지 거절; 호환 모델/버전 검사,OTA-01; RELEASE-01,D05,앱 업데이트·운영 배포 화면,신규 보드 부트/업데이트 경로,실제 NU 기기 + 대상 앱,J07,planned,,,,,False
OTA-03,OTA,앱 FOTA 진행·재연결·실기 복구 구현,2; 8; 10,핵심 구현,앱 업데이트 화면과 기기 전송,성공 후 버전 확인; 전원/통신 중단 시험; 지갑/설정 복구 정책 검증,OTA-02; HW-03; HW-04,D05,앱 업데이트·운영 배포 화면,신규 보드 부트/업데이트 경로,실제 NU 기기 + 대상 앱,J07,planned,,,,,False
KEY-01,KEY,패스키 대상과 실제 기기 연결 경로 검증,3; 8,핵심 구현,호환성 표·실기 등록/인증 실험,대상 OS/서비스/전송 명시; 자체 서명 승인과 표준 패스키 구분,HW-01; BASE-03,D06,유저 앱·합의한 인증 대상,WebAuthn SDK는 참고; 기기 인증기는 별도,실제 NU 기기 + 대상 앱,J08,planned,,,,,False
KEY-02,KEY,기기 자격 생성·인증·사용자 검증 구현,3; 8,핵심 구현,패스키 펌웨어와 관리 화면,대상 서비스 등록/인증 성공; 다른 서비스/잘못된 요청 거절,KEY-01; HW-02; HW-03,D06,유저 앱·합의한 인증 대상,WebAuthn SDK는 참고; 기기 인증기는 별도,실제 NU 기기 + 대상 앱,J08,planned,,,,,False
KEY-03,KEY,패스키 삭제·기기 분실/반납 처리,3; 8,핵심 구현,등록 해제·복구 안내/실행 경로,반납 후 이전 자격 사용 불가; 합의한 복구 수단으로 접근 회복,KEY-02; STAMP-03,D06; D09,유저 앱·합의한 인증 대상,WebAuthn SDK는 참고; 기기 인증기는 별도,실제 NU 기기 + 대상 앱,J06; J08,planned,,,,,False
REC-01,REC,마이크 캡처·버튼·기기 녹음 상태,3; 4,핵심 구현,실제 녹음 펌웨어,시작/종료가 눈에 보임; 합의한 품질·버퍼/길이 측정,HW-01,D07,유저 앱 녹음 목록·상세·NU 상태,신규 기기 오디오·앱 저장/AI 연결,실제 NU 기기 + 대상 앱,J09,planned,,,,,False
REC-02,REC,BLE 음성 전송·모바일 저장/재생,3; 4,핵심 구현,음성 스트림·파일·목록/재생 UI,실제 음성 재생; 단절·누락·저장공간 부족 표시; 파일과 세션 연결,REC-01; HW-03; APP-01,D07,유저 앱 녹음 목록·상세·NU 상태,신규 기기 오디오·앱 저장/AI 연결,실제 NU 기기 + 대상 앱,J09,planned,,,,,False
REC-03,REC,전사·AI 정리·내보내기·삭제 연결,3; 4,핵심 구현,녹음 상세·전사·요약 작업 서비스,원음/전사/요약 연결; 실패 재시도·개인 접근·삭제 범위 검증,REC-02; AUTH-01,D07; D19,유저 앱 녹음 목록·상세·NU 상태,신규 기기 오디오·앱 저장/AI 연결,실제 NU 기기 + 대상 앱,J09,planned,,,,,False
FIND-01,FIND,앱 찾기와 기기 반응 구현,3; 8,핵심 구현,찾기 화면·LED/부저 등 선택 출력,등록된 실제 기기만 반응; 연결 불가를 위치 탐지로 표시하지 않음,HW-03; APP-01,D07,유저 앱 찾기·NU 응답,기존 거리 측정 검토,실제 NU 기기 + 대상 앱,J10,planned,,,,,False
FIND-02,FIND,근접 안내·끊김 상태·기기 설정 통합,3; 8,핵심 구현,찾기/기기 상태 통합 화면,실측 결과와 UI 일치; 권한/모듈 미지원 표시; 반납 기기 접근 차단,FIND-01; HW-06; STAMP-03,D07; D09,유저 앱 찾기·NU 응답,기존 거리 측정 검토,실제 NU 기기 + 대상 앱,J10,planned,,,,,False
MPC-01,MPC,Cloud Wallet 신뢰/복구·도입 방식 검증,5; 6,핵심 구현,MPC 선택 근거·참여자/조각/복구 구조,실제 MPC 제공 경로 확인; 단순 전체키 재조립과 구분; 로그인과 서명 권한 분리,BASE-02,D03; D04,유저 앱 지갑·복구,브리지 MPC를 대체품으로 간주하지 않음,StableNet 8283 + 대상 앱/서비스,J01; J12,planned,,,,,False
MPC-02,MPC,사용자 연결·분산 키 생성/주소 구성,5; 6,핵심 구현,Cloud Wallet 생성/연결 서비스,소셜 사용자와 올바른 지갑 연결; 반복 요청 중복 생성 방지; 조각 보관 경계 확인,MPC-01; AUTH-01; BASE-05,D04,유저 앱 지갑·복구,브리지 MPC를 대체품으로 간주하지 않음,StableNet 8283 + 대상 앱/서비스,J01; J12,planned,,,,,False
MPC-03,MPC,MPC 송금 승인·서명·결과 UI 연결,5; 6,핵심 구현,Cloud Wallet 실제 송금 흐름,테스트넷 거래 확인; 불충분 참여/거절 때 서명 불가; 하드웨어 지갑과 표시 분리,MPC-02; APP-03; PAY-02,D04,유저 앱 지갑·복구,브리지 MPC를 대체품으로 간주하지 않음,StableNet 8283 + 대상 앱/서비스,J01; J12,planned,,,,,False
MPC-04,MPC,기기 변경·복구·회전/철회 구현,5; 6,핵심 구현,복구·키 수명주기 서비스/화면,합의한 복구 시나리오 통과; 소셜 계정만 탈취한 경우 정책 검증; 이전 참여자 철회,MPC-03; AUTH-04,D04,유저 앱 지갑·복구,브리지 MPC를 대체품으로 간주하지 않음,StableNet 8283 + 대상 앱/서비스,J01; J12,planned,,,,,False
TOKEN-01,TOKEN,환경·자산 주소/단위·가스 준비 정리,11,기반,StableNet 자산 등록·시험 공급 경로,8283 네트워크/배포 코드 일치 확인; 네이티브와 wrapped·더미 구분,BASE-04; BASE-05,D10,유저 앱 잔액·송수신,stable-poc-contract ERC20Mock 기반 정리,StableNet 8283 + 대상 앱/서비스,J13,planned,,,,,False
TOKEN-02,TOKEN,더미 토큰·발행 권한·배포 기록 구현,11,기반,테스트 ERC20·배포/발행 도구,표준 전송/잔액 확인; 무권한 mint·타인 burn 차단; 실제 USDC로 오표시하지 않음,TOKEN-01; RELEASE-01,D10,유저 앱 잔액·송수신,stable-poc-contract ERC20Mock 기반 정리,StableNet 8283 + 대상 앱/서비스,J13,planned,,,,,False
TOKEN-03,TOKEN,WKRC 네이티브·필요 wrapped 자산 연결,11,기반,잔액/송수신/가스 UI와 선택한 wrapping 흐름,가스는 네이티브 잔액으로 확인; wrapped 포함 여부에 맞는 앱 검증,TOKEN-01; APP-02; PAY-02,D10,유저 앱 잔액·송수신,stable-poc-contract ERC20Mock 기반 정리,StableNet 8283 + 대상 앱/서비스,J13,planned,,,,,False
INDEX-01,INDEX,Indexer 대상 체인·배포 계약 구성,12,기반,노드/저장/계약/이벤트 설정,지정 RPC와 관측 블록 해시 대조; 체인별 데이터 혼합 방지,BASE-04; BASE-05,D10,거래 상세·백오피스 상태,indexer-go/frontend 재사용·SDK 어댑터 수정,StableNet 8283 + 대상 앱/서비스,J13,planned,,,,,False
INDEX-02,INDEX,SDK 조회 계약·금액/이벤트 변환 수정,12,기반,RPC/GraphQL 어댑터와 조회 예제,객체/배열·wrapper·receipt 필드 차이 해소; 오류와 빈 결과 구분,INDEX-01,D02,거래 상세·백오피스 상태,indexer-go/frontend 재사용·SDK 어댑터 수정,StableNet 8283 + 대상 앱/서비스,J13,planned,,,,,False
INDEX-03,INDEX,진행 커서·backfill·중복/재구성 처리,12,기반,복구 가능한 이벤트 수집 흐름,재연결 누락 복구; 같은 log 중복 반영 없음; 되돌림 정책 검증,INDEX-02,D08; D10,거래 상세·백오피스 상태,indexer-go/frontend 재사용·SDK 어댑터 수정,StableNet 8283 + 대상 앱/서비스,J13,planned,,,,,False
INDEX-04,INDEX,확장 계약군 ABI·이벤트·조회 등록,12,기반,영역별 이벤트 명세와 조회 API,각 필수 계약의 실제 호출 결과 조회; 알려지지 않은 ABI/지연을 명시,INDEX-03; SMART-02; DEX-02; FX-02; PERP-04; STO-02; DID-02; X402-02,D10,거래 상세·백오피스 상태,indexer-go/frontend 재사용·SDK 어댑터 수정,StableNet 8283 + 대상 앱/서비스,J13,planned,,,,,False
INDEX-05,INDEX,앱 거래 상세·탐색기·상태 관측 연결,12,기반,거래/이벤트 상세와 상태 화면,모든 앱 거래에서 식별자 추적; 표시상 confirmed와 최종 확정 구분,INDEX-04; OPS-03,D08; D10,거래 상세·백오피스 상태,indexer-go/frontend 재사용·SDK 어댑터 수정,StableNet 8283 + 대상 앱/서비스,J13,planned,,,,,False
PAY-01,PAY,EOA 견적·수수료·서명 요청 구성,1; 7; 9; 12,제품 연결,토큰 전송·nonce/가스·승인 데이터 계약,구매대금/가스 분리; 잘못된 체인·금액·수취 거절; 견적 유효성 규칙,BASE-03; TOKEN-01,D08,유저 앱·키오스크·매장·백오피스,기존 거래 SDK·Indexer + 신규 업무 상태,StableNet 8283 + 대상 앱/서비스,J03,planned,,,,,False
PAY-02,PAY,서명 거래 제출·재시도·상태 추적,1; 7; 9; 12,제품 연결,중계 API·트랜잭션 시도 저장,중계에 고객 키 불필요; 제출 불명확 때 재조회; 재시도와 신규 거래 구분,PAY-01; BASE-05,D08,유저 앱·키오스크·매장·백오피스,기존 거래 SDK·Indexer + 신규 업무 상태,StableNet 8283 + 대상 앱/서비스,J03,planned,,,,,False
PAY-03,PAY,주문 견적·결제 시도와 거래 연결,1; 7; 9; 12,제품 연결,주문-결제 시도 원장,메뉴 가격 스냅샷 보관; 거래/이벤트를 여러 주문에 재사용 불가,PAY-02; SHOP-02,D08,유저 앱·키오스크·매장·백오피스,기존 거래 SDK·Indexer + 신규 업무 상태,StableNet 8283 + 대상 앱/서비스,J03,planned,,,,,False
PAY-04,PAY,입금 검증·확정·매출 대사 구현,1; 7; 9; 12,제품 연결,결제 관측→주문 상태 전이,체인/토큰/수취/금액/receipt/확정 정책 검증; 중복/오입금/지연 분리; 사전 승인 거래·지급 주체·attempt 귀속 검증; 스마트 계정은 외부 tx.from만으로 소유자 판정하지 않음,PAY-03; INDEX-03; TOKEN-02,D08,유저 앱·키오스크·매장·백오피스,기존 거래 SDK·Indexer + 신규 업무 상태,StableNet 8283 + 대상 앱/서비스,J03,planned,,,,,False
PAY-05,PAY,실제 NU 키오스크 결제 수직 연결,1; 7; 9; 12,제품 연결,기기 승인부터 주문 완료까지 실행 기록,실기 승인·거절·거리 이탈·앱 재시작 시험; 정상 결제 1건이 매출 1회,PAY-04; HW-05; HW-06; SHOP-03,D08,유저 앱·키오스크·매장·백오피스,기존 거래 SDK·Indexer + 신규 업무 상태,StableNet 8283 + 대상 앱/서비스,J03,planned,,,,,False
SHOP-01,SHOP,RN 태블릿·매장 가입·로그인·관리 모드,9,제품 연결,설치 앱·가게 프로필/소속,Google/Apple 실제 로그인; 관리 복귀 인증; 다른 매장 차단,AUTH-02; AUTH-03; BASE-03,D01,RN 키오스크·사장님 화면,기존 가맹점 화면 참고; PG 시뮬레이터 분리,실제 대상 앱·서비스와 역할별 시험 계정,J04; J05,planned,,,,,False
SHOP-02,SHOP,메뉴·가격·품절·장바구니·주문 구현,9,제품 연결,매장 메뉴/주문 API와 RN 화면,메뉴 변경이 과거 주문을 바꾸지 않음; 주문 중복/품절 처리,SHOP-01,D08,RN 키오스크·사장님 화면,기존 가맹점 화면 참고; PG 시뮬레이터 분리,실제 대상 앱·서비스와 역할별 시험 계정,J04; J05,planned,,,,,False
SHOP-03,SHOP,키오스크 결제 화면·기기 세션 연결,9,제품 연결,주문→기기 승인 요청 화면,매장·금액 확인; 승인 대기/거절/미확정 상태 구분; 중복 탭 처리,SHOP-02; HW-03; PAY-03,D08,RN 키오스크·사장님 화면,기존 가맹점 화면 참고; PG 시뮬레이터 분리,실제 대상 앱·서비스와 역할별 시험 계정,J04; J05,planned,,,,,False
SHOP-04,SHOP,환불 요청·승인·서명·입금 추적,9,제품 연결,환불 UI/원장/별도 거래,원지급 유지; 누적 한도 확인; 반납 주소·수수료·부분 환불 정책 반영,PAY-04; APP-03,D08; D09,RN 키오스크·사장님 화면,기존 가맹점 화면 참고; PG 시뮬레이터 분리,실제 대상 앱·서비스와 역할별 시험 계정,J04; J05,planned,,,,,False
SHOP-05,SHOP,매출·수취·환불·정산 대조 화면,9,제품 연결,일자/매장별 집계·차이 조회,지갑 잔액을 매출로 취급하지 않음; 주문과 체인 원장 대조 가능,SHOP-04; PAY-04,D08,RN 키오스크·사장님 화면,기존 가맹점 화면 참고; PG 시뮬레이터 분리,실제 대상 앱·서비스와 역할별 시험 계정,J04; J05,planned,,,,,False
STAMP-01,STAMP,스탬프 발급·사용·취소 원장,3; 7; 8; 10; 14,제품 연결,혜택 API·발급 규칙,확정 결제 1회 적립; 중복 사용 차단; 환불 정책 적용,PAY-04; AUTH-01,D09,유저 앱·NU·운영 화면,신규 혜택·대여 모델,실제 대상 앱·서비스와 역할별 시험 계정,J06; J11,planned,,,,,False
STAMP-02,STAMP,앱·기기 스탬프 표시/사용 연결,3; 7; 8; 10; 14,제품 연결,카페 패스포트 UI·기기 표시,두 화면이 같은 원장 결과 표시; 기기 교체/오프라인 뒤 동기화,STAMP-01; HW-03; APP-04,D09,유저 앱·NU·운영 화면,신규 혜택·대여 모델,실제 대상 앱·서비스와 역할별 시험 계정,J06; J11,planned,,,,,False
STAMP-03,STAMP,대여·반납·잔액 회수·기기 해제,3; 7; 8; 10; 14,제품 연결,운영/앱 대여 수명주기,신규 여행 지갑은 가스를 고려해 회수; import 지갑은 외부 접근 확인 후 기기 사본 삭제; 키 삭제 전 상태 확인; 이전 사용자 접근 해제,HW-04; PAY-02; AUTH-01,D03; D09,유저 앱·NU·운영 화면,신규 혜택·대여 모델,실제 대상 앱·서비스와 역할별 시험 계정,J06; J11,planned,,,,,False
OPS-01,OPS,운영자 권한·감사·관리 화면 골격,10; 15,제품 연결,백오피스 인증·행위 로그,최소 역할별 접근; 고객 키/녹음/위치 기본 열람 금지; 변경 이력 보존,AUTH-01; BASE-05,D19,백오피스,기존 웹 화면·탐색기 + 신규 운영 데이터,실제 대상 앱·서비스와 역할별 시험 계정,J19,planned,,,,,False
OPS-02,OPS,가맹점·대여·펌웨어 릴리스 운영 연결,10; 15,제품 연결,운영 조회·등록·정책 변경 UI,실제 매장/기기/업데이트 상태 연결; 중요 설정 변경 추적,OPS-01; STAMP-03; OTA-02,D05; D09,백오피스,기존 웹 화면·탐색기 + 신규 운영 데이터,실제 대상 앱·서비스와 역할별 시험 계정,J19,planned,,,,,False
OPS-03,OPS,결제 예외·Indexer 지연·대사 지원,10; 15,제품 연결,거래 재조회/차이 처리 도구,운영자가 임의 온체인 성공 생성 불가; 재조회로 중복 매출 없음,OPS-01; PAY-04; INDEX-03,D08; D19,백오피스,기존 웹 화면·탐색기 + 신규 운영 데이터,실제 대상 앱·서비스와 역할별 시험 계정,J05; J13; J19,planned,,,,,False
SMART-01,SMART,EOA 이후 계정 전환·서명 모델 설계,11,확장 구현,주소/자산/권한·복구 전환 명세,키 가져오기 유지; 자산 자동 이전으로 가정하지 않음; 대상 버전 결정,PAY-01; MPC-01; BASE-04,D11,유저 앱 계정 전환·거래,Kernel·SDK·Bundler 재사용 검증,StableNet 8283 + 대상 앱/서비스,J12,planned,,,,,False
SMART-02,SMART,계정 계약·SDK·Bundler 실행 연결,11,확장 구현,배포/해시·서명·실행 경로,SDK와 EntryPoint 결과 일치; 개별 UserOperation 성공/실패 구분,SMART-01; TOKEN-02; RELEASE-01,D11,유저 앱 계정 전환·거래,Kernel·SDK·Bundler 재사용 검증,StableNet 8283 + 대상 앱/서비스,J12,planned,,,,,False
SMART-03,SMART,앱 계정 전환·실제 서명·결과 연결,11,확장 구현,EOA/스마트 계정 선택·전환 UI,합의한 signer로 거래; 자산/주소/권한 변화 표시; 복구 시나리오,SMART-02; HW-05; MPC-03; APP-03,D11,유저 앱 계정 전환·거래,Kernel·SDK·Bundler 재사용 검증,StableNet 8283 + 대상 앱/서비스,J06; J12,planned,,,,,False
DEX-01,DEX,DeFi 대표 기능·pool·유동성 명세,11; 13,확장 구현,상품/토큰/가격·실행 API 명세,필수 DeFi 행위 지정; V2 가상 reserve·V3 실제 경로 구분,BASE-04; TOKEN-01,D12,유저 앱 거래·유동성,DEXIntegration·V3 quote 코드 선별,StableNet 8283 + 대상 앱/서비스,J14,planned,,,,,False
DEX-02,DEX,pool·견적·승인·swap/유동성 실행,11; 13,확장 구현,계약/DEX 서비스·실제 실행 경로,만료/슬리피지·잔액/allowance 처리; 고정 가상값을 실제 quote로 사용하지 않음,DEX-01; TOKEN-02; PAY-02,D12,유저 앱 거래·유동성,DEXIntegration·V3 quote 코드 선별,StableNet 8283 + 대상 앱/서비스,J14,planned,,,,,False
DEX-03,DEX,앱 DeFi·DEX 거래/유동성·이력 연결,11; 13,확장 구현,사용자 입력→서명→실행→결과 UI,필수 swap/입출금 행위 실제 테스트넷 수행; 실패 때 상태/자산 대조,DEX-02; APP-03; INDEX-03,D12,유저 앱 거래·유동성,DEXIntegration·V3 quote 코드 선별,StableNet 8283 + 대상 앱/서비스,J14,planned,,,,,False
FX-01,FX,FX 통화 쌍·상품·가격·규칙 정의,11; 13,확장 구현,FX 모델과 앱/계약 명세,spot/파생상품 범위 구별; 시험 자산·견적/정밀도·가격 출처 지정,DEX-01,D12,유저 앱 FX,일반 swap은 일부 기반; FX 상품 미정,StableNet 8283 + 대상 앱/서비스,J14,planned,,,,,False
FX-02,FX,FX 계약/거래 서비스 연결,11; 13,확장 구현,선택 통화 쌍 실행 API/이벤트,가격 만료·잘못된 단위·최소 수취 처리; 테스트넷 실행 확인,FX-01; DEX-02,D12,유저 앱 FX,일반 swap은 일부 기반; FX 상품 미정,StableNet 8283 + 대상 앱/서비스,J14,planned,,,,,False
FX-03,FX,앱 FX 견적·교환·기록 연결,11; 13,확장 구현,통화 선택·견적·승인·결과 UI,일반 swap과 FX 표시 규칙 일치; 실제 실행 금액/수수료 기록,FX-02; APP-03; INDEX-03,D12,유저 앱 FX,일반 swap은 일부 기반; FX 상품 미정,StableNet 8283 + 대상 앱/서비스,J14,planned,,,,,False
PERP-01,PERP,시장·위험·가격/청산 명세,11; 13,확장 구현,시장 파라미터·정산/실패 시나리오,고정 가격/TODO 대체 작업 목록; 증거금·펀딩·청산 기준 명시,BASE-04,D13,유저 앱 시장·포지션,기존 계약의 고정 가격·미완성 처리 보완,StableNet 8283 + 대상 앱/서비스,J15,planned,,,,,False
PERP-02,PERP,가격 공급·오라클 상태 처리,11; 13,확장 구현,테스트 가격/오라클 어댑터,가격 시점·이상/지연 상태 검증; 고정값 경로가 완료 증거에 섞이지 않음,PERP-01; BASE-05,D13,유저 앱 시장·포지션,기존 계약의 고정 가격·미완성 처리 보완,StableNet 8283 + 대상 앱/서비스,J15,planned,,,,,False
PERP-03,PERP,증거금·포지션 개설/축소/종료 구현,11; 13,확장 구현,계약과 주문/포지션 서비스,담보 이동·손익·포지션 상태 일치; 초과/잘못된 주문 거절,PERP-02; TOKEN-02; PAY-02,D13,유저 앱 시장·포지션,기존 계약의 고정 가격·미완성 처리 보완,StableNet 8283 + 대상 앱/서비스,J15,planned,,,,,False
PERP-04,PERP,펀딩·청산·장애 시 상태 복구 구현,11; 13,확장 구현,펀딩/청산 실행·기록,항상 0/불가인 stub 해소; 실제 잔액/포지션 변화와 경계 조건 검증,PERP-03,D13,유저 앱 시장·포지션,기존 계약의 고정 가격·미완성 처리 보완,StableNet 8283 + 대상 앱/서비스,J15,planned,,,,,False
PERP-05,PERP,앱 시장·주문·포지션·청산 이력 연결,11; 13,확장 구현,Perpetual 전체 앱 흐름,실제 주문·손익·펀딩·청산 결과 조회; 오류/가격 중단 표시,PERP-04; APP-03; INDEX-03; PERP-06,D13,유저 앱 시장·포지션,기존 계약의 고정 가격·미완성 처리 보완,StableNet 8283 + 대상 앱/서비스,J15,planned,,,,,False
STO-01,STO,테스트 발행물·자격·권리 수명주기 정의,11,확장 구현,STO 대표 사용자 행위/계약 명세,발행/보유/전송 조건 지정; 실물 권리와 시험 데이터 표시 구분,BASE-02,D14,유저 앱 발행물·보유·전송,전용 구현 미확인,StableNet 8283 + 대상 앱/서비스,J16,planned,,,,,False
STO-02,STO,발행·보유·전송 제한 계약/서비스 구현,11,확장 구현,테스트넷 계약·조회·이벤트,허용/거절 시나리오 검증; 권한 없는 발급/전송 차단,STO-01; TOKEN-01; RELEASE-01,D14,유저 앱 발행물·보유·전송,전용 구현 미확인,StableNet 8283 + 대상 앱/서비스,J16,planned,,,,,False
STO-03,STO,앱 STO 자격·보유·거래 결과 연결,11,확장 구현,발행물 상세/행위/결과 UI,합의한 대표 동작 실제 실행; 제한 사유·자격과 지갑 통제 분리,STO-02; APP-03; AUTH-01; INDEX-03,D14,유저 앱 발행물·보유·전송,전용 구현 미확인,StableNet 8283 + 대상 앱/서비스,J16,planned,,,,,False
DID-01,DID,식별자·발급자·자격·철회 모델 정의,11,확장 구현,DID/자격 명세와 데이터 공개 범위,검증자/발급자 구분; 체인·오프체인 저장과 삭제 경계 명시,BASE-02,D15,유저 앱 자격·검증,전용 구현 미확인,StableNet 8283 + 대상 앱/서비스,J16,planned,,,,,False
DID-02,DID,발급·검증·철회 서비스/필요 계약 구현,11,확장 구현,테스트 자격 수명주기 API/이벤트,잘못된 발급자·만료·철회 거절; 재검증 결과 일치,DID-01; AUTH-01; RELEASE-01,D15,유저 앱 자격·검증,전용 구현 미확인,StableNet 8283 + 대상 앱/서비스,J16,planned,,,,,False
DID-03,DID,앱 자격 관리·제시·검증 결과 연결,11,확장 구현,DID 화면/검증 흐름,실제 발급/철회 결과 표시; 불필요한 개인 정보 공개 방지,DID-02; APP-01,D15,유저 앱 자격·검증,전용 구현 미확인,StableNet 8283 + 대상 앱/서비스,J16,planned,,,,,False
X402-01,X402,유료 자원·지불 규약·검증자 명세,11,확장 구현,HTTP 결제 시나리오/지원 조합,StableNet 자산·버전·facilitator 지원 확인; 실패/재시도 규칙,BASE-03; TOKEN-01,D16,유저 앱 유료 서비스 이용,전용 구현 미확인,StableNet 8283 + 대상 앱/서비스,J17,planned,,,,,False
X402-02,X402,유료 요청·승인·지급 검증 연결,11,확장 구현,자원 서버·결제 검증·필요 계약,미지불/위조/다른 요청 증명 거절; 재요청 중복 과금 방지,X402-01; PAY-02; TOKEN-02,D16,유저 앱 유료 서비스 이용,전용 구현 미확인,StableNet 8283 + 대상 앱/서비스,J17,planned,,,,,False
X402-03,X402,앱 유료 자원 이용·결제 결과 연결,11,확장 구현,가격 안내·승인·응답·이력 UI,실제 HTTP 지불 흐름 통과; 지불 후 응답 실패 복구 정책 적용,X402-02; APP-03; INDEX-03,D16,유저 앱 유료 서비스 이용,전용 구현 미확인,StableNet 8283 + 대상 앱/서비스,J17,planned,,,,,False
TRIP-01,TRIP,장소 데이터·위치 권한·맛집 검색 연결,7; 14,제품 연결,지도/목록/상세·위치 API,출처·갱신 시점 확인; 권한 거절/대체 검색·위치 오류 처리,APP-01; BASE-05,D17,유저 앱 여행 모드,결제 데이터 재사용·여행 도메인 신규,실제 대상 앱·서비스와 역할별 시험 계정,J18,planned,,,,,False
TRIP-02,TRIP,후기 작성·구매 출처·노출 정책 구현,7; 14,제품 연결,후기 API/화면,본인 작성·수정/삭제; 검증 구매·일반 후기 구별; 운영 처리 기록,TRIP-01; AUTH-01; PAY-04,D17,유저 앱 여행 모드,결제 데이터 재사용·여행 도메인 신규,실제 대상 앱·서비스와 역할별 시험 계정,J18,planned,,,,,False
TRIP-03,TRIP,결제/위치 발자취·여행 모드 구현,7; 14,제품 연결,타임라인·언어/시간대·필터 UI,실제 구매/테스트 결제/위치 방문 출처 구분; 동의/삭제/권한 처리,TRIP-01; APP-04,D01; D17,유저 앱 여행 모드,결제 데이터 재사용·여행 도메인 신규,실제 대상 앱·서비스와 역할별 시험 계정,J18,planned,,,,,False
AI-01,AI,추천 입력·코스 제약·평가 표본 정의,14,확장 구현,추천 규칙·데이터 연결·평가 시나리오,위치/결제/후기 입력 근거; 이동/영업시간·부족 데이터 처리 기준,TRIP-02; TRIP-03,D18,유저 앱 여행 코스·도전,신규 추천/검증 서비스,실제 대상 앱·서비스와 역할별 시험 계정,J18,planned,,,,,False
AI-02,AI,AI 코스 생성·근거·수정/저장 구현,14,확장 구현,추천 서비스와 앱 코스 UI,실제 출처 연결; 없는 장소/근거와 불가능한 코스 처리; 저장/수정 가능,AI-01,D18,유저 앱 여행 코스·도전,신규 추천/검증 서비스,실제 대상 앱·서비스와 역할별 시험 계정,J18,planned,,,,,False
AI-03,AI,따라하기 챌린지·방문/결제 증명 구현,14,확장 구현,참여·진행·발도장 원장/UI,방문/결제/완료 구별; 재시도·부정 참여·중복 보상 처리,AI-02; STAMP-01; TRIP-03; INDEX-06,D09; D18,유저 앱 여행 코스·도전,신규 추천/검증 서비스,실제 대상 앱·서비스와 역할별 시험 계정,J18,planned,,,,,False
VERIFY-01,VERIFY,두 지갑·소셜·대여 수용 시험,1; 2; 3; 4; 5; 6; 7; 8; 9; 10; 11; 12; 13; 14; 15,전체 검증,실기/Cloud/계정 변경 통합 증거,키 가져오기/신규·MPC 복구·계정 연결·반납 후 접근 검증,PAY-05; MPC-04; AUTH-04; STAMP-03; SMART-03; STAMP-04; MPC-05; BASE-06,D03; D04; D09; D19,전체 앱·실기·테스트넷,영역별 결과를 합친 실제 통합 시험,실제 대상 앱·서비스와 역할별 시험 계정,J19,planned,,,,,False
VERIFY-02,VERIFY,기기 전체 기능·업데이트 공존 시험,1; 2; 3; 4; 5; 6; 7; 8; 9; 10; 11; 12; 13; 14; 15,전체 검증,실제 보드·앱 회귀 결과,FOTA/패스키/녹음/찾기/스탬프 함께 검증; 자원·배터리·단절 수치 기록,OTA-03; KEY-03; REC-03; FIND-02; STAMP-02; HW-07; OTA-04,D05; D06; D07; D19,전체 앱·실기·테스트넷,영역별 결과를 합친 실제 통합 시험,실제 대상 앱·서비스와 역할별 시험 계정,J19,planned,,,,,False
VERIFY-03,VERIFY,매장·환불·정산·운영 수용 시험,1; 2; 3; 4; 5; 6; 7; 8; 9; 10; 11; 12; 13; 14; 15,전체 검증,실제 카페 환경 실행 증거,정상/취소/중복/지연/오입금·환불·매장 권한·운영 재조회 검증,PAY-05; SHOP-05; OPS-02; OPS-03; SHOP-06; INDEX-06,D08; D09; D19,전체 앱·실기·테스트넷,영역별 결과를 합친 실제 통합 시험,실제 대상 앱·서비스와 역할별 시험 계정,J19,planned,,,,,False
VERIFY-04,VERIFY,9개 온체인 영역·DEX 앱 수용 시험,1; 2; 3; 4; 5; 6; 7; 8; 9; 10; 11; 12; 13; 14; 15,전체 검증,영역별 앱 시작→실행→이벤트 증거,토큰/WKRC/DeFi/스마트 계정/FX/Perp/STO/DID/x402 각각 검증; mock 제외,TOKEN-03; DEX-03; FX-03; PERP-05; STO-03; DID-03; X402-03; SMART-03; INDEX-05,D10; D11; D12; D13; D14; D15; D16; D19,전체 앱·실기·테스트넷,영역별 결과를 합친 실제 통합 시험,실제 대상 앱·서비스와 역할별 시험 계정,J19,planned,,,,,False
VERIFY-05,VERIFY,여행 추천·데이터/혜택 수용 시험,1; 2; 3; 4; 5; 6; 7; 8; 9; 10; 11; 12; 13; 14; 15,전체 검증,실제 데이터 출처·여행 시나리오 결과,권한 거절·삭제·데이터 부족·후기/결제 증명·중복 발도장 검증,AI-03; TRIP-03; STAMP-02; TRIP-04; INDEX-06,D17; D18; D19,전체 앱·실기·테스트넷,영역별 결과를 합친 실제 통합 시험,실제 대상 앱·서비스와 역할별 시험 계정,J19,planned,,,,,False
RELEASE-01,RELEASE,재현 빌드·CI·배포/ABI·시험 도구 구성,15,기반/전체 검증,앱/기기/계약/서버 릴리스 도구,버전·환경 추적; 비밀 제외; 개발 배포와 외부 배포 분리,BASE-04; BASE-05,D10; D19,배포 도구·운영 화면·설치 앱,기존 빌드/배포 코드 선별,실제 대상 앱·서비스와 역할별 시험 계정,J19,planned,,,,,False
RELEASE-02,RELEASE,관측·백업/복구·운영 절차 검증,15,기반/전체 검증,로그/상태·복구 도구·런북,업무 데이터·Indexer 복구 재현; 민감 로그 배제; 장애를 사용자에게 표시,OPS-03; INDEX-03; BASE-05,D19,배포 도구·운영 화면·설치 앱,기존 빌드/배포 코드 선별,실제 대상 앱·서비스와 역할별 시험 계정,J19,planned,,,,,False
RELEASE-03,RELEASE,전체 증거 묶음·설치/운영 인수,15,기반/전체 검증,15개 요구사항 인수 목록·릴리스 패키지,각 항목 실제 앱 증거와 잔여 이슈 연결; 실패 항목을 완료로 처리하지 않음,VERIFY-01; VERIFY-02; VERIFY-03; VERIFY-04; VERIFY-05; RELEASE-02,D19,배포 도구·운영 화면·설치 앱,기존 빌드/배포 코드 선별,실제 대상 앱·서비스와 역할별 시험 계정,J19,planned,,,,,False
BASE-06,BASE,두 지갑·기능·서명 형식 지원 행렬 정의,4; 8; 9; 10; 15,기반,HW/MPC × 송금/결제/스마트계정/DEX/DID/x402 행렬,각 지원 조합의 주소·승인·서명 형식 명시; 지원하지 않는 조합을 완료로 오표시하지 않음,BASE-03,D03; D04; D11; D12; D15; D16,전체 제품,기존 검토 문서·네 저장소,명세/예제 대조,J01; J12; J16; J19,planned,,,,,False
HW-07,HW,서명·FOTA·녹음·찾기 자원 경합 처리,1; 4; 8,핵심 구현,기기 동작 우선순위·공존 제어,동시 요청의 허용/거절 정의; 버퍼/메모리/전력·BLE 실측; 승인 내용 혼동 없음,HW-05; OTA-01; REC-02; FIND-01,D05; D07,유저 앱·키오스크·NU 화면,별도 NU 펌웨어·SDK signer 접점,실제 NU 기기 + 대상 앱,J02; J07; J08; J09,planned,,,,,False
OTA-04,OTA,앱·펌웨어·프로토콜·키 저장 호환 구현,2; 8; 10,핵심 구현,버전 호환표·업데이트 철회/차단 경로,구버전 앱 접속 결과 정의; 잘못된 대상 차단; 저장 형식 변경/키 보존 시험,OTA-03; BASE-03; OPS-02,D05,앱 업데이트·운영 배포 화면,신규 보드 부트/업데이트 경로,실제 NU 기기 + 대상 앱,J07,planned,,,,,False
MPC-05,MPC,참여자 장애·중단된 서명 세션 처리,5; 6,핵심 구현,MPC 실패/재시도·복구 검증,일부 참여자 장애 때 정책 준수; 중단된 세션 재사용·중복 송금 차단; 임계값 미달 서명 불가,MPC-03; PAY-02,D04,유저 앱 지갑·복구,브리지 MPC를 대체품으로 간주하지 않음,StableNet 8283 + 대상 앱/서비스,J01; J12,planned,,,,,False
SHOP-06,SHOP,수취 주소 변경·환불 서명 권한 분리,9,제품 연결,중요 매장 자금 행위의 권한/승인 UI,메뉴 수정 권한만으로 주소/환불 변경 불가; 업무 승인과 실제 서명 분리; 감사 이력,SHOP-01; SHOP-04; OPS-01,D08,RN 키오스크·사장님 화면,기존 가맹점 화면 참고; PG 시뮬레이터 분리,실제 대상 앱·서비스와 역할별 시험 계정,J04; J05,planned,,,,,False
STAMP-04,STAMP,반납 시 미확정 거래·자격·계정 권한 정리,3; 7; 8; 10; 14,제품 연결,재대여 전 검사·완료/보류 상태,미확정 거래 처리 정책; 기기 신규 자격/위임과 기존 권한을 구분해 패스키/스마트 계정/이전 BLE 권한 정리; 다음 대여자 격리,STAMP-03; KEY-03; SMART-03; PAY-04,D03; D06; D09; D11,유저 앱·NU·운영 화면,신규 혜택·대여 모델,실제 대상 앱·서비스와 역할별 시험 계정,J06; J11,planned,,,,,False
INDEX-06,INDEX,관측 변경을 원장·혜택·여행에 전파,12,기반,재구성/재처리 후 보정 흐름,주문/매출/스탬프/추천 입력 보정과 이력; 반복 처리 결과 동일; 사용자 상태 갱신,INDEX-03; PAY-04; STAMP-01; TRIP-03,D08; D09; D17,거래 상세·백오피스 상태,indexer-go/frontend 재사용·SDK 어댑터 수정,StableNet 8283 + 대상 앱/서비스,J03; J05; J11; J13; J18,planned,,,,,False
PERP-06,PERP,가격·펀딩·청산 실행 서비스 운영 연결,11; 13,확장 구현,필요 keeper/스케줄·상태·장애 감지,합의한 실행 주체가 실제 호출; 누락·반복 실행 처리; 가격 장애 시 정책 적용,PERP-04; BASE-05,D13; D19,유저 앱 시장·포지션,기존 계약의 고정 가격·미완성 처리 보완,StableNet 8283 + 대상 앱/서비스,J15,planned,,,,,False
TRIP-04,TRIP,결제·장소 식별 및 개인 데이터 수명주기 연결,7; 14,제품 연결,원천/동의/삭제·내보내기 매핑,결제와 장소 연결 검증; 실제/시험 출처 구분; 녹음/후기/위치 삭제가 추천 입력에 반영,TRIP-03; TRIP-02; REC-03; AUTH-04,D07; D17; D18; D19,유저 앱 여행 모드,결제 데이터 재사용·여행 도메인 신규,실제 대상 앱·서비스와 역할별 시험 계정,J09; J18,planned,,,,,False
